experiment_id,imputation,features,scaler,feature_engineering,model,RMSE,MAPE,R2,RMSE_val,MAPE_val,R2_val,model_path,label
E001,interpolate,all,standard,none,RF,0.9919561831086042,18.08642837525263,-0.06591964166000319,1.2063901669407886,24.136774354954394,-0.846791697680813,,Interpolasi Linear + Semua Fitur (12) + StandardScaler (Z-Score) + Tanpa Feature Engineering
E001,interpolate,all,standard,none,XGBoost,1.050106244081411,19.431356354218035,-0.194554501133398,1.0661627861186849,21.906887421994988,-0.44241216129851857,,Interpolasi Linear + Semua Fitur (12) + StandardScaler (Z-Score) + Tanpa Feature Engineering
E002,interpolate,all,standard,lag,RF,1.0739057302139847,18.248939730600764,-0.38541646120290074,1.5351840991622312,30.50241895405234,-1.7760964534818764,,"Interpolasi Linear + Semua Fitur (12) + StandardScaler (Z-Score) + Lag Features (t-1, t-3, t-6)"
E002,interpolate,all,standard,lag,XGBoost,1.0210624507281325,17.339495201597558,-0.252427615171563,1.0898339624844435,22.354452530386194,-0.3990534271817936,,"Interpolasi Linear + Semua Fitur (12) + StandardScaler (Z-Score) + Lag Features (t-1, t-3, t-6)"
E003,interpolate,all,standard,rolling,RF,0.9055556878932315,16.70825863466932,0.06814426768940107,1.0975692423078605,22.450827438804772,-0.4845111635215309,,"Interpolasi Linear + Semua Fitur (12) + StandardScaler (Z-Score) + Rolling Mean & Std (3, 6)"
E003,interpolate,all,standard,rolling,XGBoost,1.0838906797059866,19.470875994719485,-0.3350247564735096,1.0416108982291077,21.326373681785352,-0.3369976442966398,,"Interpolasi Linear + Semua Fitur (12) + StandardScaler (Z-Score) + Rolling Mean & Std (3, 6)"
E004,interpolate,all,standard,lag_rolling,RF,0.9547008351092781,16.363817368013283,-0.03574527438897501,1.336232103282701,26.774143465483057,-1.200307680737943,,"Interpolasi Linear + Semua Fitur (12) + StandardScaler (Z-Score) + Lag (1,3) + Rolling (6)"
E004,interpolate,all,standard,lag_rolling,XGBoost,1.0464577809774478,18.44401428998957,-0.24440508954441387,1.098286895205254,22.54193876477694,-0.48645311304816174,,"Interpolasi Linear + Semua Fitur (12) + StandardScaler (Z-Score) + Lag (1,3) + Rolling (6)"
E005,interpolate,all,standard,diff,RF,0.9438808967224184,17.055304933114552,-0.01240142669170563,1.0870880385360941,22.05662873578933,-0.4562939520735658,,Interpolasi Linear + Semua Fitur (12) + StandardScaler (Z-Score) + First Difference
E005,interpolate,all,standard,diff,XGBoost,1.050389684190569,19.09302269593579,-0.2537739768127154,1.0540013681824545,21.998260065581874,-0.36899531188672463,,Interpolasi Linear + Semua Fitur (12) + StandardScaler (Z-Score) + First Difference
E006,interpolate,all,standard,interaction,RF,1.1247827066106462,18.703164323204934,-0.3704927686828663,1.3911980988297847,27.721661873226367,-1.455954333144187,,Interpolasi Linear + Semua Fitur (12) + StandardScaler (Z-Score) + Fitur Interaksi Ekonomi
E006,interpolate,all,standard,interaction,XGBoost,1.0904042392013074,19.996747852203665,-0.2879961054767033,1.0228955033685159,21.16464075066439,-0.3277150405805549,,Interpolasi Linear + Semua Fitur (12) + StandardScaler (Z-Score) + Fitur Interaksi Ekonomi
E007,interpolate,all,standard,calendar,RF,1.0381043399157652,18.230934414920487,-0.16740486992763337,1.2766998584294897,25.489187063768924,-1.0683305970598265,,"Interpolasi Linear + Semua Fitur (12) + StandardScaler (Z-Score) + Fitur Kalender (Bulan, Kuartal)"
E007,interpolate,all,standard,calendar,XGBoost,1.0991280060457933,20.269585384065152,-0.30868774399371834,1.0484474987277723,21.823479817701262,-0.39487635350203676,,"Interpolasi Linear + Semua Fitur (12) + StandardScaler (Z-Score) + Fitur Kalender (Bulan, Kuartal)"
E008,interpolate,all,standard,policy_reaction,RF,0.7583871314959639,13.72756761319948,0.3090765476102163,0.893802020515218,18.8224949831727,0.05898555852514997,,Interpolasi Linear + Semua Fitur (12) + StandardScaler (Z-Score) + Fungsi Reaksi Kebijakan (Taylor/ITF) + Persistensi
E008,interpolate,all,standard,policy_reaction,XGBoost,1.2116379610198469,22.35785440763527,-0.7635743229058825,0.9537495894728,19.1364378009069,-0.07147576471503458,,Interpolasi Linear + Semua Fitur (12) + StandardScaler (Z-Score) + Fungsi Reaksi Kebijakan (Taylor/ITF) + Persistensi
E009,interpolate,all,minmax,none,RF,0.9919528194799759,18.086283447716397,-0.06591241280896254,1.2062915513022214,24.13991317086723,-0.8464897802683391,,"Interpolasi Linear + Semua Fitur (12) + MinMaxScaler [0, 1] + Tanpa Feature Engineering"
E009,interpolate,all,minmax,none,XGBoost,1.050106244081411,19.431356354218035,-0.194554501133398,1.0661627861186849,21.906887421994988,-0.44241216129851857,,"Interpolasi Linear + Semua Fitur (12) + MinMaxScaler [0, 1] + Tanpa Feature Engineering"
E010,interpolate,all,minmax,lag,RF,1.0740187371014795,18.251947526137727,-0.3857080507442039,1.5350828503957585,30.49537323645975,-1.7757302862282214,,"Interpolasi Linear + Semua Fitur (12) + MinMaxScaler [0, 1] + Lag Features (t-1, t-3, t-6)"
E010,interpolate,all,minmax,lag,XGBoost,1.0210624507281325,17.339495201597558,-0.252427615171563,1.0898339624844435,22.354452530386194,-0.3990534271817936,,"Interpolasi Linear + Semua Fitur (12) + MinMaxScaler [0, 1] + Lag Features (t-1, t-3, t-6)"
E011,interpolate,all,minmax,rolling,RF,0.9049058877142562,16.699485284059236,0.06948113250739296,1.0971556165234362,22.447146211928057,-0.4833924798523286,,"Interpolasi Linear + Semua Fitur (12) + MinMaxScaler [0, 1] + Rolling Mean & Std (3, 6)"
E011,interpolate,all,minmax,rolling,XGBoost,1.0838906797059866,19.470875994719485,-0.3350247564735096,1.0416108982291077,21.326373681785352,-0.3369976442966398,,"Interpolasi Linear + Semua Fitur (12) + MinMaxScaler [0, 1] + Rolling Mean & Std (3, 6)"
E012,interpolate,all,minmax,lag_rolling,RF,0.9547825934894126,16.36530062177027,-0.03592267966335716,1.336397633353912,26.774760979804803,-1.2008528549565063,,"Interpolasi Linear + Semua Fitur (12) + MinMaxScaler [0, 1] + Lag (1,3) + Rolling (6)"
E012,interpolate,all,minmax,lag_rolling,XGBoost,1.0464577809774478,18.44401428998957,-0.24440508954441387,1.098286895205254,22.54193876477694,-0.48645311304816174,,"Interpolasi Linear + Semua Fitur (12) + MinMaxScaler [0, 1] + Lag (1,3) + Rolling (6)"
E013,interpolate,all,minmax,diff,RF,0.9428968405472467,17.0425687275212,-0.010291540694771673,1.086974354585881,22.057579229804087,-0.45598937951537555,,"Interpolasi Linear + Semua Fitur (12) + MinMaxScaler [0, 1] + First Difference"
E013,interpolate,all,minmax,diff,XGBoost,1.050389684190569,19.09302269593579,-0.2537739768127154,1.0540013681824545,21.998260065581874,-0.36899531188672463,,"Interpolasi Linear + Semua Fitur (12) + MinMaxScaler [0, 1] + First Difference"
E014,interpolate,all,minmax,interaction,RF,1.1247827682774643,18.703647414992375,-0.3704929189588797,1.391075965618897,27.718791876021132,-1.4555231358584835,,"Interpolasi Linear + Semua Fitur (12) + MinMaxScaler [0, 1] + Fitur Interaksi Ekonomi"
E014,interpolate,all,minmax,interaction,XGBoost,1.0904042392013074,19.996747852203665,-0.2879961054767033,1.0228955033685159,21.16464075066439,-0.3277150405805549,,"Interpolasi Linear + Semua Fitur (12) + MinMaxScaler [0, 1] + Fitur Interaksi Ekonomi"
E015,interpolate,all,minmax,calendar,RF,1.0380565220941655,18.23078642387866,-0.16729732491508154,1.2768928506028132,25.498692567143493,-1.0689559621913496,,"Interpolasi Linear + Semua Fitur (12) + MinMaxScaler [0, 1] + Fitur Kalender (Bulan, Kuartal)"
E015,interpolate,all,minmax,calendar,XGBoost,1.0991280060457933,20.269585384065152,-0.30868774399371834,1.0484474987277723,21.823479817701262,-0.39487635350203676,,"Interpolasi Linear + Semua Fitur (12) + MinMaxScaler [0, 1] + Fitur Kalender (Bulan, Kuartal)"
E016,interpolate,all,minmax,policy_reaction,RF,0.7611163440057789,13.800510957437872,0.3040947385846964,0.8942319695692457,18.843367995481298,0.05808002112428867,,"Interpolasi Linear + Semua Fitur (12) + MinMaxScaler [0, 1] + Fungsi Reaksi Kebijakan (Taylor/ITF) + Persistensi"
E016,interpolate,all,minmax,policy_reaction,XGBoost,1.2116379610198469,22.35785440763527,-0.7635743229058825,0.9537495894728,19.1364378009069,-0.07147576471503458,,"Interpolasi Linear + Semua Fitur (12) + MinMaxScaler [0, 1] + Fungsi Reaksi Kebijakan (Taylor/ITF) + Persistensi"
E017,interpolate,all,robust,none,RF,0.9914099482518896,18.0801584477164,-0.06474603709444993,1.2061222401264953,24.1321258288773,-0.8459714819923314,,Interpolasi Linear + Semua Fitur (12) + RobustScaler (IQR) + Tanpa Feature Engineering
E017,interpolate,all,robust,none,XGBoost,1.050106244081411,19.431356354218035,-0.194554501133398,1.0661627861186849,21.906887421994988,-0.44241216129851857,,Interpolasi Linear + Semua Fitur (12) + RobustScaler (IQR) + Tanpa Feature Engineering
E018,interpolate,all,robust,lag,RF,1.0731526920933923,18.23276297001557,-0.3834741945767097,1.5347935411254434,30.483519225951227,-1.7746841292333286,,"Interpolasi Linear + Semua Fitur (12) + RobustScaler (IQR) + Lag Features (t-1, t-3, t-6)"
E018,interpolate,all,robust,lag,XGBoost,1.0210624507281325,17.339495201597558,-0.252427615171563,1.0898339624844435,22.354452530386194,-0.3990534271817936,,"Interpolasi Linear + Semua Fitur (12) + RobustScaler (IQR) + Lag Features (t-1, t-3, t-6)"
E019,interpolate,all,robust,rolling,RF,0.9049029504630913,16.69984971554611,0.06948717327523113,1.0975410836368689,22.451141694942013,-0.48443499279151725,,"Interpolasi Linear + Semua Fitur (12) + RobustScaler (IQR) + Rolling Mean & Std (3, 6)"
E019,interpolate,all,robust,rolling,XGBoost,1.0838906797059866,19.470875994719485,-0.3350247564735096,1.0416108982291077,21.326373681785352,-0.3369976442966398,,"Interpolasi Linear + Semua Fitur (12) + RobustScaler (IQR) + Rolling Mean & Std (3, 6)"
E020,interpolate,all,robust,lag_rolling,RF,0.9547082123299035,16.362529534039112,-0.03576128139481738,1.3362346250077202,26.7721545019082,-1.200315985546891,,"Interpolasi Linear + Semua Fitur (12) + RobustScaler (IQR) + Lag (1,3) + Rolling (6)"
E020,interpolate,all,robust,lag_rolling,XGBoost,1.0464577809774478,18.44401428998957,-0.24440508954441387,1.098286895205254,22.54193876477694,-0.48645311304816174,,"Interpolasi Linear + Semua Fitur (12) + RobustScaler (IQR) + Lag (1,3) + Rolling (6)"
E021,interpolate,all,robust,diff,RF,0.942836012307905,17.04064128987948,-0.010161192875734582,1.0862939767934516,22.027851821037924,-0.4541672338469622,,Interpolasi Linear + Semua Fitur (12) + RobustScaler (IQR) + First Difference
E021,interpolate,all,robust,diff,XGBoost,1.050389684190569,19.09302269593579,-0.2537739768127154,1.0540013681824545,21.998260065581874,-0.36899531188672463,,Interpolasi Linear + Semua Fitur (12) + RobustScaler (IQR) + First Difference
E022,interpolate,all,robust,interaction,RF,1.1247967704286572,18.705036303881265,-0.3705270410472443,1.3910807785734094,27.71892526270914,-1.455540127513712,,Interpolasi Linear + Semua Fitur (12) + RobustScaler (IQR) + Fitur Interaksi Ekonomi
E022,interpolate,all,robust,interaction,XGBoost,1.0904042392013074,19.996747852203665,-0.2879961054767033,1.0228955033685159,21.16464075066439,-0.3277150405805549,,Interpolasi Linear + Semua Fitur (12) + RobustScaler (IQR) + Fitur Interaksi Ekonomi
E023,interpolate,all,robust,calendar,RF,1.038219384042733,18.239110236418675,-0.16766363103812765,1.2769035164227451,25.493366891324516,-1.0689905260999697,,"Interpolasi Linear + Semua Fitur (12) + RobustScaler (IQR) + Fitur Kalender (Bulan, Kuartal)"
E023,interpolate,all,robust,calendar,XGBoost,1.0991280060457933,20.269585384065152,-0.30868774399371834,1.0484474987277723,21.823479817701262,-0.39487635350203676,,"Interpolasi Linear + Semua Fitur (12) + RobustScaler (IQR) + Fitur Kalender (Bulan, Kuartal)"
E024,interpolate,all,robust,policy_reaction,RF,0.7436324274371736,13.511726941226488,0.3356993712456312,0.896056803603431,18.926123246977504,0.05423179942007639,,Interpolasi Linear + Semua Fitur (12) + RobustScaler (IQR) + Fungsi Reaksi Kebijakan (Taylor/ITF) + Persistensi
E024,interpolate,all,robust,policy_reaction,XGBoost,1.2116379610198469,22.35785440763527,-0.7635743229058825,0.9537495894728,19.1364378009069,-0.07147576471503458,,Interpolasi Linear + Semua Fitur (12) + RobustScaler (IQR) + Fungsi Reaksi Kebijakan (Taylor/ITF) + Persistensi
E025,interpolate,domain_itf,standard,none,RF,1.3172226015613544,24.083281021778408,-0.8795671031161139,1.4521043647511829,29.495312068813444,-1.6757035681029406,,Interpolasi Linear + Domain Expert — ITF (7) + StandardScaler (Z-Score) + Tanpa Feature Engineering
E025,interpolate,domain_itf,standard,none,XGBoost,1.1114717538394463,17.70569287264013,-0.33824721417244086,1.6901185353529395,33.46462040813506,-2.6247383725536637,,Interpolasi Linear + Domain Expert — ITF (7) + StandardScaler (Z-Score) + Tanpa Feature Engineering
E026,interpolate,domain_itf,standard,lag,RF,1.538792235163028,29.802193838701683,-1.8445134813138888,1.780148887051123,37.42829037293156,-2.7327274327197273,,"Interpolasi Linear + Domain Expert — ITF (7) + StandardScaler (Z-Score) + Lag Features (t-1, t-3, t-6)"
E026,interpolate,domain_itf,standard,lag,XGBoost,0.9597639238823777,14.960889145114429,-0.10656484020275503,1.8269082601091724,37.27149542798557,-2.9313988211299615,,"Interpolasi Linear + Domain Expert — ITF (7) + StandardScaler (Z-Score) + Lag Features (t-1, t-3, t-6)"
E027,interpolate,domain_itf,standard,rolling,RF,0.9684520799943693,16.818260686014664,-0.06579733037697655,1.1782309155356128,23.887374430038644,-0.7107259356477349,,"Interpolasi Linear + Domain Expert — ITF (7) + StandardScaler (Z-Score) + Rolling Mean & Std (3, 6)"
E027,interpolate,domain_itf,standard,rolling,XGBoost,1.0692316748246986,19.22679222449468,-0.299158045341386,1.4760359594018035,30.21286507045251,-1.6848095722983176,,"Interpolasi Linear + Domain Expert — ITF (7) + StandardScaler (Z-Score) + Rolling Mean & Std (3, 6)"
E028,interpolate,domain_itf,standard,lag_rolling,RF,1.49133119952516,29.45494941512148,-1.5273568293305768,1.700620115125983,36.789169073168274,-2.563971602543986,,"Interpolasi Linear + Domain Expert — ITF (7) + StandardScaler (Z-Score) + Lag (1,3) + Rolling (6)"
E028,interpolate,domain_itf,standard,lag_rolling,XGBoost,1.123322786374506,19.28947465332453,-0.4339284869261224,1.6627150562378994,33.180349677154865,-2.406867713420016,,"Interpolasi Linear + Domain Expert — ITF (7) + StandardScaler (Z-Score) + Lag (1,3) + Rolling (6)"
E029,interpolate,domain_itf,standard,diff,RF,1.271714979449779,21.73073067155888,-0.8377986546698886,1.400670379233663,27.968755409318252,-1.4176392658196906,,Interpolasi Linear + Domain Expert — ITF (7) + StandardScaler (Z-Score) + First Difference
E029,interpolate,domain_itf,standard,diff,XGBoost,0.9824747990634046,16.117536871886813,-0.09688524434148738,1.5474942372306149,31.262184554099225,-1.9510576416978114,,Interpolasi Linear + Domain Expert — ITF (7) + StandardScaler (Z-Score) + First Difference
E030,interpolate,domain_itf,standard,interaction,RF,1.6106887851203302,31.040586504581423,-1.8103651862016568,1.7164462227615722,35.566426181328865,-2.7385460860955577,,Interpolasi Linear + Domain Expert — ITF (7) + StandardScaler (Z-Score) + Fitur Interaksi Ekonomi
E030,interpolate,domain_itf,standard,interaction,XGBoost,1.197345504098686,20.598425674726784,-0.5530250574790374,1.696036351959583,33.53937030989164,-2.6501662820961913,,Interpolasi Linear + Domain Expert — ITF (7) + StandardScaler (Z-Score) + Fitur Interaksi Ekonomi
E031,interpolate,domain_itf,standard,calendar,RF,1.2519060456656854,22.309012205082546,-0.6977860497487267,1.363809305863366,27.058694737714568,-1.3602045057517858,,"Interpolasi Linear + Domain Expert — ITF (7) + StandardScaler (Z-Score) + Fitur Kalender (Bulan, Kuartal)"
E031,interpolate,domain_itf,standard,calendar,XGBoost,1.127348515263064,18.620747045943748,-0.3767525252439645,1.6716668715147747,33.13043654359156,-2.5460251201676978,,"Interpolasi Linear + Domain Expert — ITF (7) + StandardScaler (Z-Score) + Fitur Kalender (Bulan, Kuartal)"
E032,interpolate,domain_itf,standard,policy_reaction,RF,0.7399586324689453,13.166228426562961,0.34224689596440017,0.9061767271629083,18.70240470498885,0.032748453475321626,,Interpolasi Linear + Domain Expert — ITF (7) + StandardScaler (Z-Score) + Fungsi Reaksi Kebijakan (Taylor/ITF) + Persistensi
E032,interpolate,domain_itf,standard,policy_reaction,XGBoost,1.1701245714488093,21.85218254484177,-0.6447966866906929,1.1700463506227279,24.432119072642237,-0.6125743854004184,,Interpolasi Linear + Domain Expert — ITF (7) + StandardScaler (Z-Score) + Fungsi Reaksi Kebijakan (Taylor/ITF) + Persistensi
E033,interpolate,domain_itf,minmax,none,RF,1.3172335940327238,24.08392836477358,-0.8795984739318794,1.4517036713386433,29.475189464906453,-1.6742271055330953,,"Interpolasi Linear + Domain Expert — ITF (7) + MinMaxScaler [0, 1] + Tanpa Feature Engineering"
E033,interpolate,domain_itf,minmax,none,XGBoost,1.1114717538394463,17.70569287264013,-0.33824721417244086,1.6901185353529395,33.46462040813506,-2.6247383725536637,,"Interpolasi Linear + Domain Expert — ITF (7) + MinMaxScaler [0, 1] + Tanpa Feature Engineering"
E034,interpolate,domain_itf,minmax,lag,RF,1.539068558679289,29.806207950522307,-1.8455351612021205,1.7803533048953977,37.432115328839856,-2.7335847541618237,,"Interpolasi Linear + Domain Expert — ITF (7) + MinMaxScaler [0, 1] + Lag Features (t-1, t-3, t-6)"
E034,interpolate,domain_itf,minmax,lag,XGBoost,0.9597639238823777,14.960889145114429,-0.10656484020275503,1.8269082601091724,37.27149542798557,-2.9313988211299615,,"Interpolasi Linear + Domain Expert — ITF (7) + MinMaxScaler [0, 1] + Lag Features (t-1, t-3, t-6)"
E035,interpolate,domain_itf,minmax,rolling,RF,0.968521716270689,16.822134457745577,-0.06595060760617555,1.1783134350653406,23.891579696104973,-0.7109655715991092,,"Interpolasi Linear + Domain Expert — ITF (7) + MinMaxScaler [0, 1] + Rolling Mean & Std (3, 6)"
E035,interpolate,domain_itf,minmax,rolling,XGBoost,1.0692316748246986,19.22679222449468,-0.299158045341386,1.4760359594018035,30.21286507045251,-1.6848095722983176,,"Interpolasi Linear + Domain Expert — ITF (7) + MinMaxScaler [0, 1] + Rolling Mean & Std (3, 6)"
E036,interpolate,domain_itf,minmax,lag_rolling,RF,1.4913592929667376,29.45410945149314,-1.5274520500571556,1.6999106268513968,36.76935396097621,-2.5609984886979267,,"Interpolasi Linear + Domain Expert — ITF (7) + MinMaxScaler [0, 1] + Lag (1,3) + Rolling (6)"
E036,interpolate,domain_itf,minmax,lag_rolling,XGBoost,1.123322786374506,19.28947465332453,-0.4339284869261224,1.6627150562378994,33.180349677154865,-2.406867713420016,,"Interpolasi Linear + Domain Expert — ITF (7) + MinMaxScaler [0, 1] + Lag (1,3) + Rolling (6)"
E037,interpolate,domain_itf,minmax,diff,RF,1.2710802323223285,21.728612508903897,-0.835964523106385,1.4007444836892124,27.97292351453027,-1.4178950898643259,,"Interpolasi Linear + Domain Expert — ITF (7) + MinMaxScaler [0, 1] + First Difference"
E037,interpolate,domain_itf,minmax,diff,XGBoost,0.9824747990634046,16.117536871886813,-0.09688524434148738,1.5474942372306149,31.262184554099225,-1.9510576416978114,,"Interpolasi Linear + Domain Expert — ITF (7) + MinMaxScaler [0, 1] + First Difference"
E038,interpolate,domain_itf,minmax,interaction,RF,1.6106887851203302,31.040586504581423,-1.8103651862016568,1.7165461090397076,35.57196688967569,-2.7389812180732895,,"Interpolasi Linear + Domain Expert — ITF (7) + MinMaxScaler [0, 1] + Fitur Interaksi Ekonomi"
E038,interpolate,domain_itf,minmax,interaction,XGBoost,1.197345504098686,20.598425674726784,-0.5530250574790374,1.696036351959583,33.53937030989164,-2.6501662820961913,,"Interpolasi Linear + Domain Expert — ITF (7) + MinMaxScaler [0, 1] + Fitur Interaksi Ekonomi"
E039,interpolate,domain_itf,minmax,calendar,RF,1.2516485334444811,22.30096067529189,-0.6970876655639491,1.363802891104575,27.054487043045626,-1.360182303077365,,"Interpolasi Linear + Domain Expert — ITF (7) + MinMaxScaler [0, 1] + Fitur Kalender (Bulan, Kuartal)"
E039,interpolate,domain_itf,minmax,calendar,XGBoost,1.127348515263064,18.620747045943748,-0.3767525252439645,1.6716668715147747,33.13043654359156,-2.5460251201676978,,"Interpolasi Linear + Domain Expert — ITF (7) + MinMaxScaler [0, 1] + Fitur Kalender (Bulan, Kuartal)"
E040,interpolate,domain_itf,minmax,policy_reaction,RF,0.7413472225959886,13.195089122044118,0.3397759295834136,0.9063799373436073,18.709835566787802,0.032314592409519616,,"Interpolasi Linear + Domain Expert — ITF (7) + MinMaxScaler [0, 1] + Fungsi Reaksi Kebijakan (Taylor/ITF) + Persistensi"
E040,interpolate,domain_itf,minmax,policy_reaction,XGBoost,1.1701245714488093,21.85218254484177,-0.6447966866906929,1.1700463506227279,24.432119072642237,-0.6125743854004184,,"Interpolasi Linear + Domain Expert — ITF (7) + MinMaxScaler [0, 1] + Fungsi Reaksi Kebijakan (Taylor/ITF) + Persistensi"
E041,interpolate,domain_itf,robust,none,RF,1.3168382667926877,24.076543444138657,-0.8784704356285113,1.451934192539052,29.49237907021718,-1.6750764730729388,,Interpolasi Linear + Domain Expert — ITF (7) + RobustScaler (IQR) + Tanpa Feature Engineering
E041,interpolate,domain_itf,robust,none,XGBoost,1.1114717538394463,17.70569287264013,-0.33824721417244086,1.6901185353529395,33.46462040813506,-2.6247383725536637,,Interpolasi Linear + Domain Expert — ITF (7) + RobustScaler (IQR) + Tanpa Feature Engineering
E042,interpolate,domain_itf,robust,lag,RF,1.5391850731893506,29.81002849188928,-1.8459660174925405,1.779949361066859,37.41956021420141,-2.7318907225077633,,"Interpolasi Linear + Domain Expert — ITF (7) + RobustScaler (IQR) + Lag Features (t-1, t-3, t-6)"
E042,interpolate,domain_itf,robust,lag,XGBoost,0.9597639238823777,14.960889145114429,-0.10656484020275503,1.8269082601091724,37.27149542798557,-2.9313988211299615,,"Interpolasi Linear + Domain Expert — ITF (7) + RobustScaler (IQR) + Lag Features (t-1, t-3, t-6)"
E043,interpolate,domain_itf,robust,rolling,RF,0.9684970470506492,16.821331358728195,-0.06589630663438761,1.178397249873126,23.895477671335165,-0.7112089862059516,,"Interpolasi Linear + Domain Expert — ITF (7) + RobustScaler (IQR) + Rolling Mean & Std (3, 6)"
E043,interpolate,domain_itf,robust,rolling,XGBoost,1.0692316748246986,19.22679222449468,-0.299158045341386,1.4760359594018035,30.21286507045251,-1.6848095722983176,,"Interpolasi Linear + Domain Expert — ITF (7) + RobustScaler (IQR) + Rolling Mean & Std (3, 6)"
E044,interpolate,domain_itf,robust,lag_rolling,RF,1.4909477407710756,29.447228866584602,-1.5260573024294426,1.700334937937618,36.78239841877857,-2.5627764171231657,,"Interpolasi Linear + Domain Expert — ITF (7) + RobustScaler (IQR) + Lag (1,3) + Rolling (6)"
E044,interpolate,domain_itf,robust,lag_rolling,XGBoost,1.123322786374506,19.28947465332453,-0.4339284869261224,1.6627150562378994,33.180349677154865,-2.406867713420016,,"Interpolasi Linear + Domain Expert — ITF (7) + RobustScaler (IQR) + Lag (1,3) + Rolling (6)"
E045,interpolate,domain_itf,robust,diff,RF,1.2700043481192527,21.710158325988495,-0.8328577967104449,1.3990872292652803,27.88010732586127,-1.412177134945157,,Interpolasi Linear + Domain Expert — ITF (7) + RobustScaler (IQR) + First Difference
E045,interpolate,domain_itf,robust,diff,XGBoost,0.9824747990634046,16.117536871886813,-0.09688524434148738,1.5474942372306149,31.262184554099225,-1.9510576416978114,,Interpolasi Linear + Domain Expert — ITF (7) + RobustScaler (IQR) + First Difference
E046,interpolate,domain_itf,robust,interaction,RF,1.6104886485446983,31.03611295960788,-1.8096668242018454,1.7164968697918488,35.56733726004606,-2.7387667152627446,,Interpolasi Linear + Domain Expert — ITF (7) + RobustScaler (IQR) + Fitur Interaksi Ekonomi
E046,interpolate,domain_itf,robust,interaction,XGBoost,1.197345504098686,20.598425674726784,-0.5530250574790374,1.696036351959583,33.53937030989164,-2.6501662820961913,,Interpolasi Linear + Domain Expert — ITF (7) + RobustScaler (IQR) + Fitur Interaksi Ekonomi
E047,interpolate,domain_itf,robust,calendar,RF,1.25163413836649,22.300459168505594,-0.6970486297353287,1.3634235709868303,27.047157875494925,-1.3588695911992468,,"Interpolasi Linear + Domain Expert — ITF (7) + RobustScaler (IQR) + Fitur Kalender (Bulan, Kuartal)"
E047,interpolate,domain_itf,robust,calendar,XGBoost,1.127348515263064,18.620747045943748,-0.3767525252439645,1.6716668715147747,33.13043654359156,-2.5460251201676978,,"Interpolasi Linear + Domain Expert — ITF (7) + RobustScaler (IQR) + Fitur Kalender (Bulan, Kuartal)"
E048,interpolate,domain_itf,robust,policy_reaction,RF,0.7208586551882608,12.722333376454845,0.37576479392543116,0.9081592945375999,18.780152450200845,0.028511445294687077,,Interpolasi Linear + Domain Expert — ITF (7) + RobustScaler (IQR) + Fungsi Reaksi Kebijakan (Taylor/ITF) + Persistensi
E048,interpolate,domain_itf,robust,policy_reaction,XGBoost,1.1701245714488093,21.85218254484177,-0.6447966866906929,1.1700463506227279,24.432119072642237,-0.6125743854004184,,Interpolasi Linear + Domain Expert — ITF (7) + RobustScaler (IQR) + Fungsi Reaksi Kebijakan (Taylor/ITF) + Persistensi
E049,interpolate,corr_top6,standard,none,RF,1.9447213693211265,38.54747501035551,-3.0968895916525243,2.129008956939347,45.3632593484957,-4.751714401578039,,Interpolasi Linear + Top-6 Korelasi Pearson + StandardScaler (Z-Score) + Tanpa Feature Engineering
E049,interpolate,corr_top6,standard,none,XGBoost,2.200241906858588,43.734743541545214,-4.24421334997613,2.3096993156611108,46.718231982016405,-5.769447547051983,,Interpolasi Linear + Top-6 Korelasi Pearson + StandardScaler (Z-Score) + Tanpa Feature Engineering
E050,interpolate,corr_top6,standard,lag,RF,1.8855244215656757,36.9769418898398,-3.270830619514247,2.1207464681715313,45.78671278474998,-4.297745961928274,,"Interpolasi Linear + Top-6 Korelasi Pearson + StandardScaler (Z-Score) + Lag Features (t-1, t-3, t-6)"
E050,interpolate,corr_top6,standard,lag,XGBoost,1.8343617083020192,33.82720017136997,-3.042201661077253,2.328244781041999,49.14802720850253,-5.3851470061734155,,"Interpolasi Linear + Top-6 Korelasi Pearson + StandardScaler (Z-Score) + Lag Features (t-1, t-3, t-6)"
E051,interpolate,corr_top6,standard,rolling,RF,1.1010019179605504,19.37175151351931,-0.3775091954186107,1.377036474936253,27.733102325912277,-1.3367405747789691,,"Interpolasi Linear + Top-6 Korelasi Pearson + StandardScaler (Z-Score) + Rolling Mean & Std (3, 6)"
E051,interpolate,corr_top6,standard,rolling,XGBoost,0.9961349582207502,18.264904978972716,-0.1275990945179828,1.4453973932520008,29.199293517177637,-1.5745074086003212,,"Interpolasi Linear + Top-6 Korelasi Pearson + StandardScaler (Z-Score) + Rolling Mean & Std (3, 6)"
E052,interpolate,corr_top6,standard,lag_rolling,RF,1.7681902322333218,35.08169256636654,-2.5528455636865193,2.009946209916956,43.92897607983372,-3.978385025464629,,"Interpolasi Linear + Top-6 Korelasi Pearson + StandardScaler (Z-Score) + Lag (1,3) + Rolling (6)"
E052,interpolate,corr_top6,standard,lag_rolling,XGBoost,1.4140498385230598,25.48446138547057,-1.2722064518397191,2.058022476826414,40.89098838823178,-4.2193910786217605,,"Interpolasi Linear + Top-6 Korelasi Pearson + StandardScaler (Z-Score) + Lag (1,3) + Rolling (6)"
E053,interpolate,corr_top6,standard,diff,RF,2.1020593885041396,41.10996114895999,-4.021209237834208,2.1298065947433247,46.5121827278626,-4.589847329472092,,Interpolasi Linear + Top-6 Korelasi Pearson + StandardScaler (Z-Score) + First Difference
E053,interpolate,corr_top6,standard,diff,XGBoost,2.247363360252185,44.080274287990115,-4.739379573937212,2.201375543032698,45.20742211833453,-4.971836186458704,,Interpolasi Linear + Top-6 Korelasi Pearson + StandardScaler (Z-Score) + First Difference
E054,interpolate,corr_top6,standard,interaction,RF,2.3130624621220006,46.278510082416744,-4.795810917999068,2.347203687520693,50.5800944279852,-5.991073912588484,,Interpolasi Linear + Top-6 Korelasi Pearson + StandardScaler (Z-Score) + Fitur Interaksi Ekonomi
E054,interpolate,corr_top6,standard,interaction,XGBoost,2.23555152201384,43.540231575401336,-4.4138828518113975,2.535871262336915,54.134823420343366,-7.160123662554044,,Interpolasi Linear + Top-6 Korelasi Pearson + StandardScaler (Z-Score) + Fitur Interaksi Ekonomi
E055,interpolate,corr_top6,standard,calendar,RF,1.9487983828369708,38.64924854643462,-3.1140854564094695,2.1195005857877334,45.66708997164177,-4.700453639323015,,"Interpolasi Linear + Top-6 Korelasi Pearson + StandardScaler (Z-Score) + Fitur Kalender (Bulan, Kuartal)"
E055,interpolate,corr_top6,standard,calendar,XGBoost,2.303332817142669,46.11686545946663,-4.747154574436161,2.3376521254099005,48.77969218715917,-5.93429161397881,,"Interpolasi Linear + Top-6 Korelasi Pearson + StandardScaler (Z-Score) + Fitur Kalender (Bulan, Kuartal)"
E056,interpolate,corr_top6,standard,policy_reaction,RF,0.7212248428683475,11.070095768318835,0.37513042462125645,0.9553747341160477,19.444125703847785,-0.0751303647654189,,Interpolasi Linear + Top-6 Korelasi Pearson + StandardScaler (Z-Score) + Fungsi Reaksi Kebijakan (Taylor/ITF) + Persistensi
E056,interpolate,corr_top6,standard,policy_reaction,XGBoost,1.0546724414368978,19.336097269519158,-0.33623616040970017,1.2330916282565312,25.655602304573122,-0.7910360308334841,,Interpolasi Linear + Top-6 Korelasi Pearson + StandardScaler (Z-Score) + Fungsi Reaksi Kebijakan (Taylor/ITF) + Persistensi
E057,interpolate,corr_top6,minmax,none,RF,1.9445735141599192,38.54431158730513,-3.096266650748552,2.1295076251195755,45.3731170588331,-4.754409113450346,,"Interpolasi Linear + Top-6 Korelasi Pearson + MinMaxScaler [0, 1] + Tanpa Feature Engineering"
E057,interpolate,corr_top6,minmax,none,XGBoost,2.200241906858588,43.734743541545214,-4.24421334997613,2.3096993156611108,46.718231982016405,-5.769447547051983,,"Interpolasi Linear + Top-6 Korelasi Pearson + MinMaxScaler [0, 1] + Tanpa Feature Engineering"
E058,interpolate,corr_top6,minmax,lag,RF,1.8854318562025534,36.97394053744274,-3.270411297145693,2.1209574933869426,45.78810695816007,-4.298800320495771,,"Interpolasi Linear + Top-6 Korelasi Pearson + MinMaxScaler [0, 1] + Lag Features (t-1, t-3, t-6)"
E058,interpolate,corr_top6,minmax,lag,XGBoost,1.8343617083020192,33.82720017136997,-3.042201661077253,2.328244781041999,49.14802720850253,-5.3851470061734155,,"Interpolasi Linear + Top-6 Korelasi Pearson + MinMaxScaler [0, 1] + Lag Features (t-1, t-3, t-6)"
E059,interpolate,corr_top6,minmax,rolling,RF,1.1004235247087861,19.371415464048386,-0.3760622719714857,1.3773012339414616,27.74413330471985,-1.3376392184918364,,"Interpolasi Linear + Top-6 Korelasi Pearson + MinMaxScaler [0, 1] + Rolling Mean & Std (3, 6)"
E059,interpolate,corr_top6,minmax,rolling,XGBoost,0.9961349582207502,18.264904978972716,-0.1275990945179828,1.4453973932520008,29.199293517177637,-1.5745074086003212,,"Interpolasi Linear + Top-6 Korelasi Pearson + MinMaxScaler [0, 1] + Rolling Mean & Std (3, 6)"
E060,interpolate,corr_top6,minmax,lag_rolling,RF,1.768249455301332,35.082173076030735,-2.5530835628953303,2.0097946211599838,43.92318054733501,-3.97763412105159,,"Interpolasi Linear + Top-6 Korelasi Pearson + MinMaxScaler [0, 1] + Lag (1,3) + Rolling (6)"
E060,interpolate,corr_top6,minmax,lag_rolling,XGBoost,1.4140498385230598,25.48446138547057,-1.2722064518397191,2.058022476826414,40.89098838823178,-4.2193910786217605,,"Interpolasi Linear + Top-6 Korelasi Pearson + MinMaxScaler [0, 1] + Lag (1,3) + Rolling (6)"
E061,interpolate,corr_top6,minmax,diff,RF,2.100248979568013,41.0759418696417,-4.012563880305143,2.132054738544357,46.56509824335605,-4.601654423284439,,"Interpolasi Linear + Top-6 Korelasi Pearson + MinMaxScaler [0, 1] + First Difference"
E061,interpolate,corr_top6,minmax,diff,XGBoost,2.247363360252185,44.080274287990115,-4.739379573937212,2.201375543032698,45.20742211833453,-4.971836186458704,,"Interpolasi Linear + Top-6 Korelasi Pearson + MinMaxScaler [0, 1] + First Difference"
E062,interpolate,corr_top6,minmax,interaction,RF,2.3132127309869803,46.28161084156098,-4.79656399599214,2.3475651004422047,50.588276867627734,-5.993226992854564,,"Interpolasi Linear + Top-6 Korelasi Pearson + MinMaxScaler [0, 1] + Fitur Interaksi Ekonomi"
E062,interpolate,corr_top6,minmax,interaction,XGBoost,2.23555152201384,43.540231575401336,-4.4138828518113975,2.535871262336915,54.134823420343366,-7.160123662554044,,"Interpolasi Linear + Top-6 Korelasi Pearson + MinMaxScaler [0, 1] + Fitur Interaksi Ekonomi"
E063,interpolate,corr_top6,minmax,calendar,RF,1.948836008596269,38.650059850560844,-3.114244320543194,2.119307283984827,45.66209805941796,-4.699413905976981,,"Interpolasi Linear + Top-6 Korelasi Pearson + MinMaxScaler [0, 1] + Fitur Kalender (Bulan, Kuartal)"
E063,interpolate,corr_top6,minmax,calendar,XGBoost,2.303332817142669,46.11686545946663,-4.747154574436161,2.3376521254099005,48.77969218715917,-5.93429161397881,,"Interpolasi Linear + Top-6 Korelasi Pearson + MinMaxScaler [0, 1] + Fitur Kalender (Bulan, Kuartal)"
E064,interpolate,corr_top6,minmax,policy_reaction,RF,0.7208801055877675,11.098826556682432,0.37572764297029493,0.9558345991845076,19.46513035941073,-0.07616563160525147,,"Interpolasi Linear + Top-6 Korelasi Pearson + MinMaxScaler [0, 1] + Fungsi Reaksi Kebijakan (Taylor/ITF) + Persistensi"
E064,interpolate,corr_top6,minmax,policy_reaction,XGBoost,1.0546724414368978,19.336097269519158,-0.33623616040970017,1.2330916282565312,25.655602304573122,-0.7910360308334841,,"Interpolasi Linear + Top-6 Korelasi Pearson + MinMaxScaler [0, 1] + Fungsi Reaksi Kebijakan (Taylor/ITF) + Persistensi"
E065,interpolate,corr_top6,robust,none,RF,1.9429924863287094,38.51265998850136,-3.089608451650447,2.1295655157541207,45.37436134881963,-4.754721984763036,,Interpolasi Linear + Top-6 Korelasi Pearson + RobustScaler (IQR) + Tanpa Feature Engineering
E065,interpolate,corr_top6,robust,none,XGBoost,2.200241906858588,43.734743541545214,-4.24421334997613,2.3096993156611108,46.718231982016405,-5.769447547051983,,Interpolasi Linear + Top-6 Korelasi Pearson + RobustScaler (IQR) + Tanpa Feature Engineering
E066,interpolate,corr_top6,robust,lag,RF,1.8850389098199243,36.97247005266331,-3.268631473808111,2.119249329337284,45.75277309853598,-4.290268725276892,,"Interpolasi Linear + Top-6 Korelasi Pearson + RobustScaler (IQR) + Lag Features (t-1, t-3, t-6)"
E066,interpolate,corr_top6,robust,lag,XGBoost,1.8343617083020192,33.82720017136997,-3.042201661077253,2.328244781041999,49.14802720850253,-5.3851470061734155,,"Interpolasi Linear + Top-6 Korelasi Pearson + RobustScaler (IQR) + Lag Features (t-1, t-3, t-6)"
E067,interpolate,corr_top6,robust,rolling,RF,1.1000877691726567,19.358084745915097,-0.37522268606507114,1.3769981376402884,27.730356589936733,-1.3366104648369235,,"Interpolasi Linear + Top-6 Korelasi Pearson + RobustScaler (IQR) + Rolling Mean & Std (3, 6)"
E067,interpolate,corr_top6,robust,rolling,XGBoost,0.9961349582207502,18.264904978972716,-0.1275990945179828,1.4453973932520008,29.199293517177637,-1.5745074086003212,,"Interpolasi Linear + Top-6 Korelasi Pearson + RobustScaler (IQR) + Rolling Mean & Std (3, 6)"
E068,interpolate,corr_top6,robust,lag_rolling,RF,1.7682956030035217,35.08452022607087,-2.5532690217752654,2.0091921169907496,43.910486698228766,-3.9746501387615982,,"Interpolasi Linear + Top-6 Korelasi Pearson + RobustScaler (IQR) + Lag (1,3) + Rolling (6)"
E068,interpolate,corr_top6,robust,lag_rolling,XGBoost,1.4140498385230598,25.48446138547057,-1.2722064518397191,2.058022476826414,40.89098838823178,-4.2193910786217605,,"Interpolasi Linear + Top-6 Korelasi Pearson + RobustScaler (IQR) + Lag (1,3) + Rolling (6)"
E069,interpolate,corr_top6,robust,diff,RF,2.1013270612755006,41.0886476013841,-4.01771121324991,2.125532886419653,46.300566050166985,-4.567436460155135,,Interpolasi Linear + Top-6 Korelasi Pearson + RobustScaler (IQR) + First Difference
E069,interpolate,corr_top6,robust,diff,XGBoost,2.247363360252185,44.080274287990115,-4.739379573937212,2.201375543032698,45.20742211833453,-4.971836186458704,,Interpolasi Linear + Top-6 Korelasi Pearson + RobustScaler (IQR) + First Difference
E070,interpolate,corr_top6,robust,interaction,RF,2.3131597345705353,46.28022195267209,-4.7962983969001245,2.347551442030798,50.586953838416036,-5.993145618247784,,Interpolasi Linear + Top-6 Korelasi Pearson + RobustScaler (IQR) + Fitur Interaksi Ekonomi
E070,interpolate,corr_top6,robust,interaction,XGBoost,2.23555152201384,43.540231575401336,-4.4138828518113975,2.535871262336915,54.134823420343366,-7.160123662554044,,Interpolasi Linear + Top-6 Korelasi Pearson + RobustScaler (IQR) + Fitur Interaksi Ekonomi
E071,interpolate,corr_top6,robust,calendar,RF,1.9473398006878744,38.61594793735942,-3.1079293696336787,2.1196032411870553,45.669329329391346,-4.701005841591679,,"Interpolasi Linear + Top-6 Korelasi Pearson + RobustScaler (IQR) + Fitur Kalender (Bulan, Kuartal)"
E071,interpolate,corr_top6,robust,calendar,XGBoost,2.303332817142669,46.11686545946663,-4.747154574436161,2.3376521254099005,48.77969218715917,-5.93429161397881,,"Interpolasi Linear + Top-6 Korelasi Pearson + RobustScaler (IQR) + Fitur Kalender (Bulan, Kuartal)"
E072,interpolate,corr_top6,robust,policy_reaction,RF,0.7152762722676962,10.779293832588067,0.38539560563273256,0.9556833434449844,19.416052263267694,-0.07582506358362773,,Interpolasi Linear + Top-6 Korelasi Pearson + RobustScaler (IQR) + Fungsi Reaksi Kebijakan (Taylor/ITF) + Persistensi
E072,interpolate,corr_top6,robust,policy_reaction,XGBoost,1.0546724414368978,19.336097269519158,-0.33623616040970017,1.2330916282565312,25.655602304573122,-0.7910360308334841,,Interpolasi Linear + Top-6 Korelasi Pearson + RobustScaler (IQR) + Fungsi Reaksi Kebijakan (Taylor/ITF) + Persistensi
E073,interpolate,mutual_info,standard,none,RF,0.9247748642076773,17.435947138306467,0.07357232284866311,1.1202613176299134,22.790545858238747,-0.5925057767783635,,Interpolasi Linear + Mutual Info Top-7 + StandardScaler (Z-Score) + Tanpa Feature Engineering
E073,interpolate,mutual_info,standard,none,XGBoost,1.1286295619113798,20.842425184132523,-0.37988320977145307,1.0680688287162783,21.965881493242453,-0.4475741433170355,,Interpolasi Linear + Mutual Info Top-7 + StandardScaler (Z-Score) + Tanpa Feature Engineering
E074,interpolate,mutual_info,standard,lag,RF,0.9945349711097796,16.473989224166587,-0.18819615309873283,1.540083186902254,30.894350326417495,-1.793842912485697,,"Interpolasi Linear + Mutual Info Top-7 + StandardScaler (Z-Score) + Lag Features (t-1, t-3, t-6)"
E074,interpolate,mutual_info,standard,lag,XGBoost,1.0562344339549379,17.706362569248167,-0.3401970801987746,1.041980894179871,21.4024402776292,-0.27888983617478313,,"Interpolasi Linear + Mutual Info Top-7 + StandardScaler (Z-Score) + Lag Features (t-1, t-3, t-6)"
E075,interpolate,mutual_info,standard,rolling,RF,0.9149151954398107,16.54871982983059,0.04878205031208782,1.1665490584951115,24.108990167669784,-0.6769712867429885,,"Interpolasi Linear + Mutual Info Top-7 + StandardScaler (Z-Score) + Rolling Mean & Std (3, 6)"
E075,interpolate,mutual_info,standard,rolling,XGBoost,1.1078112830176103,19.504650231507167,-0.3946008443062077,1.0478810216573493,21.378386842775388,-0.35314258289842093,,"Interpolasi Linear + Mutual Info Top-7 + StandardScaler (Z-Score) + Rolling Mean & Std (3, 6)"
E076,interpolate,mutual_info,standard,lag_rolling,RF,0.881252037485601,15.292559554708227,0.11749205526705175,1.317794809794728,26.20743043449208,-1.1400070155351711,,"Interpolasi Linear + Mutual Info Top-7 + StandardScaler (Z-Score) + Lag (1,3) + Rolling (6)"
E076,interpolate,mutual_info,standard,lag_rolling,XGBoost,1.045512080014564,18.304408931069414,-0.24215692750625029,1.1517228942947382,23.721704786628294,-0.6346154955835501,,"Interpolasi Linear + Mutual Info Top-7 + StandardScaler (Z-Score) + Lag (1,3) + Rolling (6)"
E077,interpolate,mutual_info,standard,diff,RF,0.9225854713930357,16.66042458552967,0.03276594743501193,1.1704768232876113,23.755766834526153,-0.6882830057058589,,Interpolasi Linear + Mutual Info Top-7 + StandardScaler (Z-Score) + First Difference
E077,interpolate,mutual_info,standard,diff,XGBoost,1.2175578268815195,21.948125425454744,-0.6846029203728927,1.0884204705022416,22.23147066515787,-0.4598660671485617,,Interpolasi Linear + Mutual Info Top-7 + StandardScaler (Z-Score) + First Difference
E078,interpolate,mutual_info,standard,interaction,RF,1.0784290139897557,19.781725796443173,-0.25986094864175113,1.3869691042911851,27.926557216286607,-1.4410456995791288,,Interpolasi Linear + Mutual Info Top-7 + StandardScaler (Z-Score) + Fitur Interaksi Ekonomi
E078,interpolate,mutual_info,standard,interaction,XGBoost,1.1828232863963777,21.868217654082997,-0.5155812342223722,1.0997438545283142,22.68514760215191,-0.5347068221815572,,Interpolasi Linear + Mutual Info Top-7 + StandardScaler (Z-Score) + Fitur Interaksi Ekonomi
E079,interpolate,mutual_info,standard,calendar,RF,0.9834717144293209,18.543344895704728,-0.047763426494296546,1.1128148781631633,22.772411869776498,-0.5714051895620906,,"Interpolasi Linear + Mutual Info Top-7 + StandardScaler (Z-Score) + Fitur Kalender (Bulan, Kuartal)"
E079,interpolate,mutual_info,standard,calendar,XGBoost,1.1853873048696455,21.941947143250403,-0.5221590386417023,1.076497018937724,22.19719491769104,-0.4705100572679488,,"Interpolasi Linear + Mutual Info Top-7 + StandardScaler (Z-Score) + Fitur Kalender (Bulan, Kuartal)"
E080,interpolate,mutual_info,standard,policy_reaction,RF,0.7690188268551164,14.063870441700502,0.2895688943165483,0.9225546784073418,19.533972994917978,-0.0025311033929114046,,Interpolasi Linear + Mutual Info Top-7 + StandardScaler (Z-Score) + Fungsi Reaksi Kebijakan (Taylor/ITF) + Persistensi
E080,interpolate,mutual_info,standard,policy_reaction,XGBoost,1.0729746925877073,19.349298616978725,-0.3830152900765589,0.7920638192835638,15.97616092702502,0.2610178036008056,,Interpolasi Linear + Mutual Info Top-7 + StandardScaler (Z-Score) + Fungsi Reaksi Kebijakan (Taylor/ITF) + Persistensi
E081,interpolate,mutual_info,minmax,none,RF,0.9248533272948511,17.438096896760573,0.07341510953732489,1.1194505691869303,22.775708077888513,-0.5902015744329334,,"Interpolasi Linear + Mutual Info Top-7 + MinMaxScaler [0, 1] + Tanpa Feature Engineering"
E081,interpolate,mutual_info,minmax,none,XGBoost,1.1286295619113798,20.842425184132523,-0.37988320977145307,1.0680688287162783,21.965881493242453,-0.4475741433170355,,"Interpolasi Linear + Mutual Info Top-7 + MinMaxScaler [0, 1] + Tanpa Feature Engineering"
E082,interpolate,mutual_info,minmax,lag,RF,0.9937625638004536,16.462988677812778,-0.18635124060023922,1.5402773029129335,30.90172879863972,-1.7945472430355718,,"Interpolasi Linear + Mutual Info Top-7 + MinMaxScaler [0, 1] + Lag Features (t-1, t-3, t-6)"
E082,interpolate,mutual_info,minmax,lag,XGBoost,1.0562344339549379,17.706362569248167,-0.3401970801987746,1.041980894179871,21.4024402776292,-0.27888983617478313,,"Interpolasi Linear + Mutual Info Top-7 + MinMaxScaler [0, 1] + Lag Features (t-1, t-3, t-6)"
E083,interpolate,mutual_info,minmax,rolling,RF,0.9149634492284566,16.549759134441324,0.048681710782177534,1.1665112640722954,24.111906685153976,-0.6768626258432358,,"Interpolasi Linear + Mutual Info Top-7 + MinMaxScaler [0, 1] + Rolling Mean & Std (3, 6)"
E083,interpolate,mutual_info,minmax,rolling,XGBoost,1.1078112830176103,19.504650231507167,-0.3946008443062077,1.0478810216573493,21.378386842775388,-0.35314258289842093,,"Interpolasi Linear + Mutual Info Top-7 + MinMaxScaler [0, 1] + Rolling Mean & Std (3, 6)"
E084,interpolate,mutual_info,minmax,lag_rolling,RF,0.881252037485601,15.292559554708227,0.11749205526705175,1.3176406911405478,26.19280161037946,-1.1395064888788693,,"Interpolasi Linear + Mutual Info Top-7 + MinMaxScaler [0, 1] + Lag (1,3) + Rolling (6)"
E084,interpolate,mutual_info,minmax,lag_rolling,XGBoost,1.045512080014564,18.304408931069414,-0.24215692750625029,1.1517228942947382,23.721704786628294,-0.6346154955835501,,"Interpolasi Linear + Mutual Info Top-7 + MinMaxScaler [0, 1] + Lag (1,3) + Rolling (6)"
E085,interpolate,mutual_info,minmax,diff,RF,0.9226573936180489,16.663201342363543,0.03261513574569219,1.1708042349441588,23.778708532181568,-0.6892276478132742,,"Interpolasi Linear + Mutual Info Top-7 + MinMaxScaler [0, 1] + First Difference"
E085,interpolate,mutual_info,minmax,diff,XGBoost,1.2175578268815195,21.948125425454744,-0.6846029203728927,1.0884204705022416,22.23147066515787,-0.4598660671485617,,"Interpolasi Linear + Mutual Info Top-7 + MinMaxScaler [0, 1] + First Difference"
E086,interpolate,mutual_info,minmax,interaction,RF,1.0784290139897557,19.781725796443173,-0.25986094864175113,1.3867792220853534,27.92276831977563,-1.4403773654220449,,"Interpolasi Linear + Mutual Info Top-7 + MinMaxScaler [0, 1] + Fitur Interaksi Ekonomi"
E086,interpolate,mutual_info,minmax,interaction,XGBoost,1.1828232863963777,21.868217654082997,-0.5155812342223722,1.0997438545283142,22.68514760215191,-0.5347068221815572,,"Interpolasi Linear + Mutual Info Top-7 + MinMaxScaler [0, 1] + Fitur Interaksi Ekonomi"
E087,interpolate,mutual_info,minmax,calendar,RF,0.983557068290667,18.542941422044734,-0.047945301648781635,1.112383358422029,22.767763071380795,-0.5701867283410706,,"Interpolasi Linear + Mutual Info Top-7 + MinMaxScaler [0, 1] + Fitur Kalender (Bulan, Kuartal)"
E087,interpolate,mutual_info,minmax,calendar,XGBoost,1.1853873048696455,21.941947143250403,-0.5221590386417023,1.076497018937724,22.19719491769104,-0.4705100572679488,,"Interpolasi Linear + Mutual Info Top-7 + MinMaxScaler [0, 1] + Fitur Kalender (Bulan, Kuartal)"
E088,interpolate,mutual_info,minmax,policy_reaction,RF,0.7702873024528949,14.102294490300537,0.28722328790711726,0.9224763728260416,19.534085366809407,-0.002360922804169885,,"Interpolasi Linear + Mutual Info Top-7 + MinMaxScaler [0, 1] + Fungsi Reaksi Kebijakan (Taylor/ITF) + Persistensi"
E088,interpolate,mutual_info,minmax,policy_reaction,XGBoost,1.0729746925877073,19.349298616978725,-0.3830152900765589,0.7920638192835638,15.97616092702502,0.2610178036008056,,"Interpolasi Linear + Mutual Info Top-7 + MinMaxScaler [0, 1] + Fungsi Reaksi Kebijakan (Taylor/ITF) + Persistensi"
E089,interpolate,mutual_info,robust,none,RF,0.9248533272948513,17.438096896760577,0.07341510953732477,1.1193805998131598,22.774865518642592,-0.5900027948991766,,Interpolasi Linear + Mutual Info Top-7 + RobustScaler (IQR) + Tanpa Feature Engineering
E089,interpolate,mutual_info,robust,none,XGBoost,1.1286295619113798,20.842425184132523,-0.37988320977145307,1.0680688287162783,21.965881493242453,-0.4475741433170355,,Interpolasi Linear + Mutual Info Top-7 + RobustScaler (IQR) + Tanpa Feature Engineering
E090,interpolate,mutual_info,robust,lag,RF,0.9943557377714858,16.46608348962088,-0.18776792245984564,1.5402773029129335,30.90172879863972,-1.7945472430355718,,"Interpolasi Linear + Mutual Info Top-7 + RobustScaler (IQR) + Lag Features (t-1, t-3, t-6)"
E090,interpolate,mutual_info,robust,lag,XGBoost,1.0562344339549379,17.706362569248167,-0.3401970801987746,1.041980894179871,21.4024402776292,-0.27888983617478313,,"Interpolasi Linear + Mutual Info Top-7 + RobustScaler (IQR) + Lag Features (t-1, t-3, t-6)"
E091,interpolate,mutual_info,robust,rolling,RF,0.9152290303723911,16.554375266608474,0.04812936332468043,1.1665417895333146,24.107289487397676,-0.6769503878323933,,"Interpolasi Linear + Mutual Info Top-7 + RobustScaler (IQR) + Rolling Mean & Std (3, 6)"
E091,interpolate,mutual_info,robust,rolling,XGBoost,1.1078112830176103,19.504650231507167,-0.3946008443062077,1.0478810216573493,21.378386842775388,-0.35314258289842093,,"Interpolasi Linear + Mutual Info Top-7 + RobustScaler (IQR) + Rolling Mean & Std (3, 6)"
E092,interpolate,mutual_info,robust,lag_rolling,RF,0.881196632735695,15.289362005847412,0.11760301919759064,1.3178068511728127,26.207682959744606,-1.1400461244330313,,"Interpolasi Linear + Mutual Info Top-7 + RobustScaler (IQR) + Lag (1,3) + Rolling (6)"
E092,interpolate,mutual_info,robust,lag_rolling,XGBoost,1.045512080014564,18.304408931069414,-0.24215692750625029,1.1517228942947382,23.721704786628294,-0.6346154955835501,,"Interpolasi Linear + Mutual Info Top-7 + RobustScaler (IQR) + Lag (1,3) + Rolling (6)"
E093,interpolate,mutual_info,robust,diff,RF,0.922656011112846,16.662582913173686,0.032618034792760375,1.1694089831901728,23.68504604621083,-0.6852039290629695,,Interpolasi Linear + Mutual Info Top-7 + RobustScaler (IQR) + First Difference
E093,interpolate,mutual_info,robust,diff,XGBoost,1.2175578268815195,21.948125425454744,-0.6846029203728927,1.0884204705022416,22.23147066515787,-0.4598660671485617,,Interpolasi Linear + Mutual Info Top-7 + RobustScaler (IQR) + First Difference
E094,interpolate,mutual_info,robust,interaction,RF,1.0784290139897557,19.781725796443173,-0.25986094864175113,1.3867666819455529,27.922800872479247,-1.4403332307328647,,Interpolasi Linear + Mutual Info Top-7 + RobustScaler (IQR) + Fitur Interaksi Ekonomi
E094,interpolate,mutual_info,robust,interaction,XGBoost,1.1828232863963777,21.868217654082997,-0.5155812342223722,1.0997438545283142,22.68514760215191,-0.5347068221815572,,Interpolasi Linear + Mutual Info Top-7 + RobustScaler (IQR) + Fitur Interaksi Ekonomi
E095,interpolate,mutual_info,robust,calendar,RF,0.9835707688783565,18.541906890392813,-0.04797449683624788,1.1123346008692863,22.766646930797947,-0.5700490837353631,,"Interpolasi Linear + Mutual Info Top-7 + RobustScaler (IQR) + Fitur Kalender (Bulan, Kuartal)"
E095,interpolate,mutual_info,robust,calendar,XGBoost,1.1853873048696455,21.941947143250403,-0.5221590386417023,1.076497018937724,22.19719491769104,-0.4705100572679488,,"Interpolasi Linear + Mutual Info Top-7 + RobustScaler (IQR) + Fitur Kalender (Bulan, Kuartal)"
E096,interpolate,mutual_info,robust,policy_reaction,RF,0.7431900986827013,13.683098709271652,0.33648941715508063,0.923720911293124,19.592977711044654,-0.005067373106492523,,Interpolasi Linear + Mutual Info Top-7 + RobustScaler (IQR) + Fungsi Reaksi Kebijakan (Taylor/ITF) + Persistensi
E096,interpolate,mutual_info,robust,policy_reaction,XGBoost,1.0729746925877073,19.349298616978725,-0.3830152900765589,0.7920638192835638,15.97616092702502,0.2610178036008056,,Interpolasi Linear + Mutual Info Top-7 + RobustScaler (IQR) + Fungsi Reaksi Kebijakan (Taylor/ITF) + Persistensi
E097,ffill,all,standard,none,RF,0.9920488357534658,17.99166374049366,-0.06611877321035253,1.2231413511907014,24.511237997801764,-0.8984345699926104,,Forward Fill + Semua Fitur (12) + StandardScaler (Z-Score) + Tanpa Feature Engineering
E097,ffill,all,standard,none,XGBoost,1.0755533829628217,19.872576138912134,-0.2531510679515452,1.052018011485298,21.5762355320677,-0.4043930995421774,,Forward Fill + Semua Fitur (12) + StandardScaler (Z-Score) + Tanpa Feature Engineering
E098,ffill,all,standard,lag,RF,0.42996809609768666,6.353791442147745,0.04795001372237462,2.1962383460079202,56.26471605502291,-12.141489060400593,,"Forward Fill + Semua Fitur (12) + StandardScaler (Z-Score) + Lag Features (t-1, t-3, t-6)"
E098,ffill,all,standard,lag,XGBoost,0.4541269429688911,7.0740749322726435,-0.06204232645120911,1.6264369439261255,41.96185643266735,-6.20709254911426,,"Forward Fill + Semua Fitur (12) + StandardScaler (Z-Score) + Lag Features (t-1, t-3, t-6)"
E099,ffill,all,standard,rolling,RF,0.9103611714057681,16.774429434477483,0.05822792771447405,1.1298907290728843,23.10925738697447,-0.5732310239082798,,"Forward Fill + Semua Fitur (12) + StandardScaler (Z-Score) + Rolling Mean & Std (3, 6)"
E099,ffill,all,standard,rolling,XGBoost,1.062625502571123,19.138588589199067,-0.2831541259533059,1.033059789493295,21.318750903211424,-0.31513557776696044,,"Forward Fill + Semua Fitur (12) + StandardScaler (Z-Score) + Rolling Mean & Std (3, 6)"
E100,ffill,all,standard,lag_rolling,RF,0.3910273714305781,5.703808467379289,0.19014450207122202,2.120917204681123,53.85966912516964,-13.264648580369247,,"Forward Fill + Semua Fitur (12) + StandardScaler (Z-Score) + Lag (1,3) + Rolling (6)"
E100,ffill,all,standard,lag_rolling,XGBoost,0.44733693091327265,5.734506654221198,-0.05989471210234387,1.6537036308050534,42.185412536829126,-7.672194440263064,,"Forward Fill + Semua Fitur (12) + StandardScaler (Z-Score) + Lag (1,3) + Rolling (6)"
E101,ffill,all,standard,diff,RF,0.40593508542015055,6.486827728380365,0.1272167623058631,1.8713082410682567,47.86609511944879,-10.104635485265897,,Forward Fill + Semua Fitur (12) + StandardScaler (Z-Score) + First Difference
E101,ffill,all,standard,diff,XGBoost,0.37505329131125453,5.075621738495539,0.25496070361120793,1.469325915172585,37.397395103113276,-5.8462053865535175,,Forward Fill + Semua Fitur (12) + StandardScaler (Z-Score) + First Difference
E102,ffill,all,standard,interaction,RF,1.0669923568828303,18.368965321606755,-0.2332811803887631,1.34344830566913,26.974331892852295,-1.2902571940873995,,Forward Fill + Semua Fitur (12) + StandardScaler (Z-Score) + Fitur Interaksi Ekonomi
E102,ffill,all,standard,interaction,XGBoost,1.0468395396946713,19.39716170018239,-0.18713394379759096,0.995357188586884,20.728710137171227,-0.2571880688774142,,Forward Fill + Semua Fitur (12) + StandardScaler (Z-Score) + Fitur Interaksi Ekonomi
E103,ffill,all,standard,calendar,RF,1.0231478275141688,18.02006386802412,-0.1340083704232502,1.3246514046893634,26.377208986179205,-1.2266171245626762,,"Forward Fill + Semua Fitur (12) + StandardScaler (Z-Score) + Fitur Kalender (Bulan, Kuartal)"
E103,ffill,all,standard,calendar,XGBoost,1.0961790886085576,20.225502611837552,-0.30167484826289837,1.04773083796372,21.775674055544737,-0.3929700844696842,,"Forward Fill + Semua Fitur (12) + StandardScaler (Z-Score) + Fitur Kalender (Bulan, Kuartal)"
E104,ffill,all,standard,policy_reaction,RF,0.2499023844199337,3.8067667243715215,0.6692239797560409,1.255963697165022,31.737162643343385,-4.002277955506286,,Forward Fill + Semua Fitur (12) + StandardScaler (Z-Score) + Fungsi Reaksi Kebijakan (Taylor/ITF) + Persistensi
E104,ffill,all,standard,policy_reaction,XGBoost,0.2206925485654917,3.1834143106372745,0.74203038370958,0.9689449033783464,24.08866787592749,-1.9772260629811371,,Forward Fill + Semua Fitur (12) + StandardScaler (Z-Score) + Fungsi Reaksi Kebijakan (Taylor/ITF) + Persistensi
E105,ffill,all,minmax,none,RF,0.9920349120495481,17.99103572116999,-0.06608884682481175,1.223237302481113,24.516466547123493,-0.8987324331813324,,"Forward Fill + Semua Fitur (12) + MinMaxScaler [0, 1] + Tanpa Feature Engineering"
E105,ffill,all,minmax,none,XGBoost,1.0755533829628217,19.872576138912134,-0.2531510679515452,1.052018011485298,21.5762355320677,-0.4043930995421774,,"Forward Fill + Semua Fitur (12) + MinMaxScaler [0, 1] + Tanpa Feature Engineering"
E106,ffill,all,minmax,lag,RF,0.43051317910074527,6.358527422367444,0.0455346009887454,2.195270324126902,56.24226707543107,-12.129907033840393,,"Forward Fill + Semua Fitur (12) + MinMaxScaler [0, 1] + Lag Features (t-1, t-3, t-6)"
E106,ffill,all,minmax,lag,XGBoost,0.4541269429688911,7.0740749322726435,-0.06204232645120911,1.6264369439261255,41.96185643266735,-6.20709254911426,,"Forward Fill + Semua Fitur (12) + MinMaxScaler [0, 1] + Lag Features (t-1, t-3, t-6)"
E107,ffill,all,minmax,rolling,RF,0.9096732977905178,16.765415829035305,0.05965060572911529,1.1294624195322638,23.104742251655146,-0.5720385154206749,,"Forward Fill + Semua Fitur (12) + MinMaxScaler [0, 1] + Rolling Mean & Std (3, 6)"
E107,ffill,all,minmax,rolling,XGBoost,1.062625502571123,19.138588589199067,-0.2831541259533059,1.033059789493295,21.318750903211424,-0.31513557776696044,,"Forward Fill + Semua Fitur (12) + MinMaxScaler [0, 1] + Rolling Mean & Std (3, 6)"
E108,ffill,all,minmax,lag_rolling,RF,0.3910043363368998,5.701649193480883,0.19023991507371552,2.1207321498487586,53.8552737327534,-13.26215944313729,,"Forward Fill + Semua Fitur (12) + MinMaxScaler [0, 1] + Lag (1,3) + Rolling (6)"
E108,ffill,all,minmax,lag_rolling,XGBoost,0.44733693091327265,5.734506654221198,-0.05989471210234387,1.6537036308050534,42.185412536829126,-7.672194440263064,,"Forward Fill + Semua Fitur (12) + MinMaxScaler [0, 1] + Lag (1,3) + Rolling (6)"
E109,ffill,all,minmax,diff,RF,0.40590720701213023,6.486208207893694,0.12733663847606724,1.8715364129541017,47.8712930422393,-10.107343665605104,,"Forward Fill + Semua Fitur (12) + MinMaxScaler [0, 1] + First Difference"
E109,ffill,all,minmax,diff,XGBoost,0.37505329131125453,5.075621738495539,0.25496070361120793,1.469325915172585,37.397395103113276,-5.8462053865535175,,"Forward Fill + Semua Fitur (12) + MinMaxScaler [0, 1] + First Difference"
E110,ffill,all,minmax,interaction,RF,1.0669923568828306,18.36896532160676,-0.23328118038876355,1.343557887305868,26.976220862725953,-1.2906308301496359,,"Forward Fill + Semua Fitur (12) + MinMaxScaler [0, 1] + Fitur Interaksi Ekonomi"
E110,ffill,all,minmax,interaction,XGBoost,1.0468395396946713,19.39716170018239,-0.18713394379759096,0.995357188586884,20.728710137171227,-0.2571880688774142,,"Forward Fill + Semua Fitur (12) + MinMaxScaler [0, 1] + Fitur Interaksi Ekonomi"
E111,ffill,all,minmax,calendar,RF,1.023075533502388,18.019723860104353,-0.13384812159912873,1.3249280974117286,26.387738157380912,-1.2275474117248395,,"Forward Fill + Semua Fitur (12) + MinMaxScaler [0, 1] + Fitur Kalender (Bulan, Kuartal)"
E111,ffill,all,minmax,calendar,XGBoost,1.0961790886085576,20.225502611837552,-0.30167484826289837,1.04773083796372,21.775674055544737,-0.3929700844696842,,"Forward Fill + Semua Fitur (12) + MinMaxScaler [0, 1] + Fitur Kalender (Bulan, Kuartal)"
E112,ffill,all,minmax,policy_reaction,RF,0.2286740940927216,3.530160902347145,0.7230335577557969,1.255155858566015,31.71451648420682,-3.9958450727345385,,"Forward Fill + Semua Fitur (12) + MinMaxScaler [0, 1] + Fungsi Reaksi Kebijakan (Taylor/ITF) + Persistensi"
E112,ffill,all,minmax,policy_reaction,XGBoost,0.2206925485654917,3.1834143106372745,0.74203038370958,0.9689449033783464,24.08866787592749,-1.9772260629811371,,"Forward Fill + Semua Fitur (12) + MinMaxScaler [0, 1] + Fungsi Reaksi Kebijakan (Taylor/ITF) + Persistensi"
E113,ffill,all,robust,none,RF,0.992034912049548,17.99103572116999,-0.06608884682481153,1.2231115841346414,24.510606316557833,-0.8983421683734896,,Forward Fill + Semua Fitur (12) + RobustScaler (IQR) + Tanpa Feature Engineering
E113,ffill,all,robust,none,XGBoost,1.0755533829628217,19.872576138912134,-0.2531510679515452,1.052018011485298,21.5762355320677,-0.4043930995421774,,Forward Fill + Semua Fitur (12) + RobustScaler (IQR) + Tanpa Feature Engineering
E114,ffill,all,robust,lag,RF,0.42556933233333777,6.315102921216474,0.06733015506994211,2.195474229902358,56.239532677324,-12.132346267117166,,"Forward Fill + Semua Fitur (12) + RobustScaler (IQR) + Lag Features (t-1, t-3, t-6)"
E114,ffill,all,robust,lag,XGBoost,0.4541269429688911,7.0740749322726435,-0.06204232645120911,1.6264369439261255,41.96185643266735,-6.20709254911426,,"Forward Fill + Semua Fitur (12) + RobustScaler (IQR) + Lag Features (t-1, t-3, t-6)"
E115,ffill,all,robust,rolling,RF,0.9096732977905178,16.765415829035298,0.05965060572911529,1.1298682440299312,23.10987152151717,-0.573168409331027,,"Forward Fill + Semua Fitur (12) + RobustScaler (IQR) + Rolling Mean & Std (3, 6)"
E115,ffill,all,robust,rolling,XGBoost,1.062625502571123,19.138588589199067,-0.2831541259533059,1.033059789493295,21.318750903211424,-0.31513557776696044,,"Forward Fill + Semua Fitur (12) + RobustScaler (IQR) + Rolling Mean & Std (3, 6)"
E116,ffill,all,robust,lag_rolling,RF,0.3911196382534799,5.706353421753954,0.18976226995623902,2.120419489340673,53.84895392087804,-13.257954399792961,,"Forward Fill + Semua Fitur (12) + RobustScaler (IQR) + Lag (1,3) + Rolling (6)"
E116,ffill,all,robust,lag_rolling,XGBoost,0.44733693091327265,5.734506654221198,-0.05989471210234387,1.6537036308050534,42.185412536829126,-7.672194440263064,,"Forward Fill + Semua Fitur (12) + RobustScaler (IQR) + Lag (1,3) + Rolling (6)"
E117,ffill,all,robust,diff,RF,0.40593508542015055,6.486827728380365,0.1272167623058631,1.8714392425002622,47.86863284235688,-10.106190305618505,,Forward Fill + Semua Fitur (12) + RobustScaler (IQR) + First Difference
E117,ffill,all,robust,diff,XGBoost,0.37505329131125453,5.075621738495539,0.25496070361120793,1.469325915172585,37.397395103113276,-5.8462053865535175,,Forward Fill + Semua Fitur (12) + RobustScaler (IQR) + First Difference
E118,ffill,all,robust,interaction,RF,1.0669923568828303,18.368965321606755,-0.2332811803887631,1.343555103692681,26.97607913936994,-1.2906213385994159,,Forward Fill + Semua Fitur (12) + RobustScaler (IQR) + Fitur Interaksi Ekonomi
E118,ffill,all,robust,interaction,XGBoost,1.0468395396946713,19.39716170018239,-0.18713394379759096,0.995357188586884,20.728710137171227,-0.2571880688774142,,Forward Fill + Semua Fitur (12) + RobustScaler (IQR) + Fitur Interaksi Ekonomi
E119,ffill,all,robust,calendar,RF,1.023063145196305,18.019125220901262,-0.13382066248769742,1.3248361087952405,26.377758823669296,-1.2272381090666218,,"Forward Fill + Semua Fitur (12) + RobustScaler (IQR) + Fitur Kalender (Bulan, Kuartal)"
E119,ffill,all,robust,calendar,XGBoost,1.0961790886085576,20.225502611837552,-0.30167484826289837,1.04773083796372,21.775674055544737,-0.3929700844696842,,"Forward Fill + Semua Fitur (12) + RobustScaler (IQR) + Fitur Kalender (Bulan, Kuartal)"
E120,ffill,all,robust,policy_reaction,RF,0.25067017814235104,3.8315631714259855,0.667188321757124,1.2505740854532368,31.605141345114617,-3.959438358150252,,Forward Fill + Semua Fitur (12) + RobustScaler (IQR) + Fungsi Reaksi Kebijakan (Taylor/ITF) + Persistensi
E120,ffill,all,robust,policy_reaction,XGBoost,0.22089231187719738,3.1906823723122644,0.7415631618836143,0.9717666110012587,24.148371712731795,-1.9945915369295757,,Forward Fill + Semua Fitur (12) + RobustScaler (IQR) + Fungsi Reaksi Kebijakan (Taylor/ITF) + Persistensi
E121,ffill,domain_itf,standard,none,RF,1.3271734334693892,24.25074347614014,-0.9080723872790002,1.5385775984191452,31.108818492940433,-2.0038700848430713,,Forward Fill + Domain Expert — ITF (7) + StandardScaler (Z-Score) + Tanpa Feature Engineering
E121,ffill,domain_itf,standard,none,XGBoost,1.116414816994512,17.8752848902771,-0.3501768921921622,1.6724353481937109,33.19254198682393,-2.549286133487297,,Forward Fill + Domain Expert — ITF (7) + StandardScaler (Z-Score) + Tanpa Feature Engineering
E122,ffill,domain_itf,standard,lag,RF,0.4373751823061324,6.498616248572691,0.014865427769962691,2.3669815704545356,60.45195923183528,-14.264247205376682,,"Forward Fill + Domain Expert — ITF (7) + StandardScaler (Z-Score) + Lag Features (t-1, t-3, t-6)"
E122,ffill,domain_itf,standard,lag,XGBoost,0.5264331415395779,7.170778827866411,-0.42716350741463294,2.090848073238623,54.29256948991967,-10.910516408280088,,"Forward Fill + Domain Expert — ITF (7) + StandardScaler (Z-Score) + Lag Features (t-1, t-3, t-6)"
E123,ffill,domain_itf,standard,rolling,RF,0.950068659102022,16.57401052764489,-0.02571885571839383,1.2374943186400686,25.13758668487405,-0.8871483389943626,,"Forward Fill + Domain Expert — ITF (7) + StandardScaler (Z-Score) + Rolling Mean & Std (3, 6)"
E123,ffill,domain_itf,standard,rolling,XGBoost,1.0946185034501463,19.582211015498817,-0.36158239039088724,1.4509835244284204,29.667107130356264,-1.5944456302193837,,"Forward Fill + Domain Expert — ITF (7) + StandardScaler (Z-Score) + Rolling Mean & Std (3, 6)"
E124,ffill,domain_itf,standard,lag_rolling,RF,0.41920344004711396,5.732656833830699,0.06922889279205013,2.260152040537917,57.26899979332093,-15.199028037966993,,"Forward Fill + Domain Expert — ITF (7) + StandardScaler (Z-Score) + Lag (1,3) + Rolling (6)"
E124,ffill,domain_itf,standard,lag_rolling,XGBoost,0.5838718339153877,8.070733242071505,-0.8056279487014031,2.2770844662683127,59.00761708156475,-15.442654379716775,,"Forward Fill + Domain Expert — ITF (7) + StandardScaler (Z-Score) + Lag (1,3) + Rolling (6)"
E125,ffill,domain_itf,standard,diff,RF,0.3656836527032088,5.845598024786367,0.291721089654143,1.9412767127106865,49.68301020078961,-10.950567699783825,,Forward Fill + Domain Expert — ITF (7) + StandardScaler (Z-Score) + First Difference
E125,ffill,domain_itf,standard,diff,XGBoost,0.5860861882369994,8.114130666140134,-0.8193497337406266,2.2805408626266592,59.09992612969348,-15.492609016518713,,Forward Fill + Domain Expert — ITF (7) + StandardScaler (Z-Score) + First Difference
E126,ffill,domain_itf,standard,interaction,RF,1.6289446778116667,31.6652605610664,-1.8744327836110544,1.70462888357174,35.604012380495035,-2.68724522604352,,Forward Fill + Domain Expert — ITF (7) + StandardScaler (Z-Score) + Fitur Interaksi Ekonomi
E126,ffill,domain_itf,standard,interaction,XGBoost,1.170724839884515,19.932125571589765,-0.48473570829803414,1.6819487404916116,33.27791265178644,-2.5897801197620693,,Forward Fill + Domain Expert — ITF (7) + StandardScaler (Z-Score) + Fitur Interaksi Ekonomi
E127,ffill,domain_itf,standard,calendar,RF,1.2782247525999924,22.913254372162932,-0.7699212112761671,1.449629999382769,29.111089227050407,-1.6665926148643875,,"Forward Fill + Domain Expert — ITF (7) + StandardScaler (Z-Score) + Fitur Kalender (Bulan, Kuartal)"
E127,ffill,domain_itf,standard,calendar,XGBoost,1.1228557514291633,18.62657745238097,-0.3658009895924723,1.6879157425780151,33.42258696717394,-2.6152960239183476,,"Forward Fill + Domain Expert — ITF (7) + StandardScaler (Z-Score) + Fitur Kalender (Bulan, Kuartal)"
E128,ffill,domain_itf,standard,policy_reaction,RF,0.22463718493060814,3.3716138949722705,0.7327261227067238,1.2998355530401215,32.71510585998681,-4.3578490033863675,,Forward Fill + Domain Expert — ITF (7) + StandardScaler (Z-Score) + Fungsi Reaksi Kebijakan (Taylor/ITF) + Persistensi
E128,ffill,domain_itf,standard,policy_reaction,XGBoost,0.19404083961549454,2.71644168956459,0.8005750425316489,0.9712768036691238,24.251232950373268,-1.9915735216566204,,Forward Fill + Domain Expert — ITF (7) + StandardScaler (Z-Score) + Fungsi Reaksi Kebijakan (Taylor/ITF) + Persistensi
E129,ffill,domain_itf,minmax,none,RF,1.3263450543422792,24.225917958239105,-0.9056912153589418,1.5388060126892467,31.105954139814767,-2.004762048594715,,"Forward Fill + Domain Expert — ITF (7) + MinMaxScaler [0, 1] + Tanpa Feature Engineering"
E129,ffill,domain_itf,minmax,none,XGBoost,1.116414816994512,17.8752848902771,-0.3501768921921622,1.6724353481937109,33.19254198682393,-2.549286133487297,,"Forward Fill + Domain Expert — ITF (7) + MinMaxScaler [0, 1] + Tanpa Feature Engineering"
E130,ffill,domain_itf,minmax,lag,RF,0.4359491887419647,6.486418943716343,0.021278711185067745,2.365762638792974,60.423512519817145,-14.248529902270013,,"Forward Fill + Domain Expert — ITF (7) + MinMaxScaler [0, 1] + Lag Features (t-1, t-3, t-6)"
E130,ffill,domain_itf,minmax,lag,XGBoost,0.5264331415395779,7.170778827866411,-0.42716350741463294,2.090848073238623,54.29256948991967,-10.910516408280088,,"Forward Fill + Domain Expert — ITF (7) + MinMaxScaler [0, 1] + Lag Features (t-1, t-3, t-6)"
E131,ffill,domain_itf,minmax,rolling,RF,0.9501352998935957,16.57947160096311,-0.02586275503162616,1.2376194241942504,25.142687045820434,-0.8875299240557499,,"Forward Fill + Domain Expert — ITF (7) + MinMaxScaler [0, 1] + Rolling Mean & Std (3, 6)"
E131,ffill,domain_itf,minmax,rolling,XGBoost,1.0946185034501463,19.582211015498817,-0.36158239039088724,1.4509835244284204,29.667107130356264,-1.5944456302193837,,"Forward Fill + Domain Expert — ITF (7) + MinMaxScaler [0, 1] + Rolling Mean & Std (3, 6)"
E132,ffill,domain_itf,minmax,lag_rolling,RF,0.4185357198603727,5.725843504210352,0.07219165325749655,2.2602301228566732,57.269756314252916,-15.200147325074113,,"Forward Fill + Domain Expert — ITF (7) + MinMaxScaler [0, 1] + Lag (1,3) + Rolling (6)"
E132,ffill,domain_itf,minmax,lag_rolling,XGBoost,0.5838718339153877,8.070733242071505,-0.8056279487014031,2.2770844662683127,59.00761708156475,-15.442654379716775,,"Forward Fill + Domain Expert — ITF (7) + MinMaxScaler [0, 1] + Lag (1,3) + Rolling (6)"
E133,ffill,domain_itf,minmax,diff,RF,0.36521508300173544,5.841382293479434,0.2935350368116638,1.9413701773806407,49.68520327349193,-10.951718471074678,,"Forward Fill + Domain Expert — ITF (7) + MinMaxScaler [0, 1] + First Difference"
E133,ffill,domain_itf,minmax,diff,XGBoost,0.5860861882369994,8.114130666140134,-0.8193497337406266,2.2805408626266592,59.09992612969348,-15.492609016518713,,"Forward Fill + Domain Expert — ITF (7) + MinMaxScaler [0, 1] + First Difference"
E134,ffill,domain_itf,minmax,interaction,RF,1.6289446778116667,31.6652605610664,-1.8744327836110544,1.7048304188481003,35.609351817857295,-2.6881171506261596,,"Forward Fill + Domain Expert — ITF (7) + MinMaxScaler [0, 1] + Fitur Interaksi Ekonomi"
E134,ffill,domain_itf,minmax,interaction,XGBoost,1.170724839884515,19.932125571589765,-0.48473570829803414,1.6819487404916116,33.27791265178644,-2.5897801197620693,,"Forward Fill + Domain Expert — ITF (7) + MinMaxScaler [0, 1] + Fitur Interaksi Ekonomi"
E135,ffill,domain_itf,minmax,calendar,RF,1.2777813936959108,22.912920694022702,-0.7686936114561562,1.4502187463849767,29.11673279917905,-1.6687590534936958,,"Forward Fill + Domain Expert — ITF (7) + MinMaxScaler [0, 1] + Fitur Kalender (Bulan, Kuartal)"
E135,ffill,domain_itf,minmax,calendar,XGBoost,1.1228557514291633,18.62657745238097,-0.3658009895924723,1.6879157425780151,33.42258696717394,-2.6152960239183476,,"Forward Fill + Domain Expert — ITF (7) + MinMaxScaler [0, 1] + Fitur Kalender (Bulan, Kuartal)"
E136,ffill,domain_itf,minmax,policy_reaction,RF,0.20598541778975,3.1099983159179514,0.7752673509057262,1.2994247697754315,32.703924337973135,-4.354463087489806,,"Forward Fill + Domain Expert — ITF (7) + MinMaxScaler [0, 1] + Fungsi Reaksi Kebijakan (Taylor/ITF) + Persistensi"
E136,ffill,domain_itf,minmax,policy_reaction,XGBoost,0.19404083961549454,2.71644168956459,0.8005750425316489,0.9712768036691238,24.251232950373268,-1.9915735216566204,,"Forward Fill + Domain Expert — ITF (7) + MinMaxScaler [0, 1] + Fungsi Reaksi Kebijakan (Taylor/ITF) + Persistensi"
E137,ffill,domain_itf,robust,none,RF,1.3264893898280423,24.228298910620058,-0.9061060000827317,1.5389226239077132,31.116200255169126,-2.0052174695341884,,Forward Fill + Domain Expert — ITF (7) + RobustScaler (IQR) + Tanpa Feature Engineering
E137,ffill,domain_itf,robust,none,XGBoost,1.116414816994512,17.8752848902771,-0.3501768921921622,1.6724353481937109,33.19254198682393,-2.549286133487297,,Forward Fill + Domain Expert — ITF (7) + RobustScaler (IQR) + Tanpa Feature Engineering
E138,ffill,domain_itf,robust,lag,RF,0.42774008452233625,6.405509432030108,0.05779112817114107,2.3661692832559034,60.42895026013066,-14.253772408905423,,"Forward Fill + Domain Expert — ITF (7) + RobustScaler (IQR) + Lag Features (t-1, t-3, t-6)"
E138,ffill,domain_itf,robust,lag,XGBoost,0.5264331415395779,7.170778827866411,-0.42716350741463294,2.090848073238623,54.29256948991967,-10.910516408280088,,"Forward Fill + Domain Expert — ITF (7) + RobustScaler (IQR) + Lag Features (t-1, t-3, t-6)"
E139,ffill,domain_itf,robust,rolling,RF,0.9500137859450811,16.57572065614074,-0.025600374162778827,1.2376244469088438,25.14547734113656,-0.8875452446674781,,"Forward Fill + Domain Expert — ITF (7) + RobustScaler (IQR) + Rolling Mean & Std (3, 6)"
E139,ffill,domain_itf,robust,rolling,XGBoost,1.0946185034501463,19.582211015498817,-0.36158239039088724,1.4509835244284204,29.667107130356264,-1.5944456302193837,,"Forward Fill + Domain Expert — ITF (7) + RobustScaler (IQR) + Rolling Mean & Std (3, 6)"
E140,ffill,domain_itf,robust,lag_rolling,RF,0.41882523301084795,5.7260819475409,0.0709076260726762,2.2601972248275715,57.26885862249264,-15.199675736775067,,"Forward Fill + Domain Expert — ITF (7) + RobustScaler (IQR) + Lag (1,3) + Rolling (6)"
E140,ffill,domain_itf,robust,lag_rolling,XGBoost,0.5838718339153877,8.070733242071505,-0.8056279487014031,2.2770844662683127,59.00761708156475,-15.442654379716775,,"Forward Fill + Domain Expert — ITF (7) + RobustScaler (IQR) + Lag (1,3) + Rolling (6)"
E141,ffill,domain_itf,robust,diff,RF,0.3656929942029361,5.847026164882986,0.29168490279313475,1.9413023133821812,49.68309544476372,-10.950882899129871,,Forward Fill + Domain Expert — ITF (7) + RobustScaler (IQR) + First Difference
E141,ffill,domain_itf,robust,diff,XGBoost,0.5860861882369994,8.114130666140134,-0.8193497337406266,2.2805408626266592,59.09992612969348,-15.492609016518713,,Forward Fill + Domain Expert — ITF (7) + RobustScaler (IQR) + First Difference
E142,ffill,domain_itf,robust,interaction,RF,1.6289446778116667,31.6652605610664,-1.8744327836110544,1.7048410587333878,35.608507035499905,-2.6881631860152844,,Forward Fill + Domain Expert — ITF (7) + RobustScaler (IQR) + Fitur Interaksi Ekonomi
E142,ffill,domain_itf,robust,interaction,XGBoost,1.170724839884515,19.932125571589765,-0.48473570829803414,1.6819487404916116,33.27791265178644,-2.5897801197620693,,Forward Fill + Domain Expert — ITF (7) + RobustScaler (IQR) + Fitur Interaksi Ekonomi
E143,ffill,domain_itf,robust,calendar,RF,1.277565338745779,22.90118854512828,-0.7680955393523272,1.4499213298258256,29.11524944272398,-1.6676645265529606,,"Forward Fill + Domain Expert — ITF (7) + RobustScaler (IQR) + Fitur Kalender (Bulan, Kuartal)"
E143,ffill,domain_itf,robust,calendar,XGBoost,1.1228557514291633,18.62657745238097,-0.3658009895924723,1.6879157425780151,33.42258696717394,-2.6152960239183476,,"Forward Fill + Domain Expert — ITF (7) + RobustScaler (IQR) + Fitur Kalender (Bulan, Kuartal)"
E144,ffill,domain_itf,robust,policy_reaction,RF,0.22493355854238228,3.3833314311775524,0.7320204053616677,1.2988322418657856,32.67596268493541,-4.349581011146887,,Forward Fill + Domain Expert — ITF (7) + RobustScaler (IQR) + Fungsi Reaksi Kebijakan (Taylor/ITF) + Persistensi
E144,ffill,domain_itf,robust,policy_reaction,XGBoost,0.1934243323986154,2.7110093053456668,0.8018402567211252,0.972285045433855,24.28043945111748,-1.9977875995921344,,Forward Fill + Domain Expert — ITF (7) + RobustScaler (IQR) + Fungsi Reaksi Kebijakan (Taylor/ITF) + Persistensi
E145,ffill,corr_top6,standard,none,RF,2.0099226421372562,39.953158739236066,-3.3762101853768556,2.165232498773477,46.34196595246457,-4.949101929714657,,Forward Fill + Top-6 Korelasi Pearson + StandardScaler (Z-Score) + Tanpa Feature Engineering
E145,ffill,corr_top6,standard,none,XGBoost,2.2156079945419975,44.23770939330828,-4.317718386435653,2.216496534412597,45.293824192500786,-5.234138540444415,,Forward Fill + Top-6 Korelasi Pearson + StandardScaler (Z-Score) + Tanpa Feature Engineering
E146,ffill,corr_top6,standard,lag,RF,0.5090312001225623,7.62251598623732,-0.3343694558289634,2.5480230397209174,64.92706426612297,-16.688554302834728,,"Forward Fill + Top-6 Korelasi Pearson + StandardScaler (Z-Score) + Lag Features (t-1, t-3, t-6)"
E146,ffill,corr_top6,standard,lag,XGBoost,0.5606750597145396,7.583330560346864,-0.6188617558286098,2.240557474303968,58.08616992935616,-12.677219459956042,,"Forward Fill + Top-6 Korelasi Pearson + StandardScaler (Z-Score) + Lag Features (t-1, t-3, t-6)"
E147,ffill,corr_top6,standard,rolling,RF,1.080888638803014,19.23511081054196,-0.3276397889291749,1.4064581358095902,28.367479355157815,-1.4376605608118336,,"Forward Fill + Top-6 Korelasi Pearson + StandardScaler (Z-Score) + Rolling Mean & Std (3, 6)"
E147,ffill,corr_top6,standard,rolling,XGBoost,1.0041380388336723,18.292345465859512,-0.14579043988858453,1.4136730887598332,28.477697498736728,-1.4627344921398224,,"Forward Fill + Top-6 Korelasi Pearson + StandardScaler (Z-Score) + Rolling Mean & Std (3, 6)"
E148,ffill,corr_top6,standard,lag_rolling,RF,0.48864696994097273,6.804556954546956,-0.26468869949348495,2.4287047842747636,61.41263052356405,-17.705232188873477,,"Forward Fill + Top-6 Korelasi Pearson + StandardScaler (Z-Score) + Lag (1,3) + Rolling (6)"
E148,ffill,corr_top6,standard,lag_rolling,XGBoost,0.5838718339153877,8.070733242071505,-0.8056279487014031,2.3090661451987717,59.813570750536456,-15.907772456760824,,"Forward Fill + Top-6 Korelasi Pearson + StandardScaler (Z-Score) + Lag (1,3) + Rolling (6)"
E149,ffill,corr_top6,standard,diff,RF,0.4399976832634261,6.6011096764854935,-0.025401615592248072,2.5553489451560916,64.79648378022821,-19.70685173399582,,Forward Fill + Top-6 Korelasi Pearson + StandardScaler (Z-Score) + First Difference
E149,ffill,corr_top6,standard,diff,XGBoost,0.5860861882369994,8.114130666140134,-0.8193497337406266,2.3133816244463805,59.93249002426195,-15.971030345343873,,Forward Fill + Top-6 Korelasi Pearson + StandardScaler (Z-Score) + First Difference
E150,ffill,corr_top6,standard,interaction,RF,2.3847363749859465,48.01923392657045,-5.160560680494096,2.3780007215236894,51.810109617883406,-6.175733486525899,,Forward Fill + Top-6 Korelasi Pearson + StandardScaler (Z-Score) + Fitur Interaksi Ekonomi
E150,ffill,corr_top6,standard,interaction,XGBoost,2.4030337568516753,47.62731879851179,-5.2554597010899675,2.552019570776423,55.237905688710434,-7.264381126506828,,Forward Fill + Top-6 Korelasi Pearson + StandardScaler (Z-Score) + Fitur Interaksi Ekonomi
E151,ffill,corr_top6,standard,calendar,RF,1.9294521830484441,38.24177343538301,-3.032807828485206,2.1436494291368806,45.96090607087447,-4.8310915679293585,,"Forward Fill + Top-6 Korelasi Pearson + StandardScaler (Z-Score) + Fitur Kalender (Bulan, Kuartal)"
E151,ffill,corr_top6,standard,calendar,XGBoost,2.166249131437375,43.22755464679478,-4.0834234794347255,2.21027378441571,44.51364066054776,-5.199183349505398,,"Forward Fill + Top-6 Korelasi Pearson + StandardScaler (Z-Score) + Fitur Kalender (Bulan, Kuartal)"
E152,ffill,corr_top6,standard,policy_reaction,RF,0.22897519369526287,3.3675718755936455,0.7223037034225003,1.3287922963578729,33.39587215847265,-4.599224104115243,,Forward Fill + Top-6 Korelasi Pearson + StandardScaler (Z-Score) + Fungsi Reaksi Kebijakan (Taylor/ITF) + Persistensi
E152,ffill,corr_top6,standard,policy_reaction,XGBoost,0.2133865953790018,3.1077360995654484,0.7588276660747909,0.970658590580545,24.047094929293568,-1.9877664888460798,,Forward Fill + Top-6 Korelasi Pearson + StandardScaler (Z-Score) + Fungsi Reaksi Kebijakan (Taylor/ITF) + Persistensi
E153,ffill,corr_top6,minmax,none,RF,2.007172416696081,39.88995958797627,-3.3642422319248046,2.1668611156255175,46.37423276187985,-4.958054734057251,,"Forward Fill + Top-6 Korelasi Pearson + MinMaxScaler [0, 1] + Tanpa Feature Engineering"
E153,ffill,corr_top6,minmax,none,XGBoost,2.2156079945419975,44.23770939330828,-4.317718386435653,2.216496534412597,45.293824192500786,-5.234138540444415,,"Forward Fill + Top-6 Korelasi Pearson + MinMaxScaler [0, 1] + Tanpa Feature Engineering"
E154,ffill,corr_top6,minmax,lag,RF,0.5070271297295963,7.605045247451088,-0.3238832373946199,2.5478881141280842,64.92352685115699,-16.68668102661346,,"Forward Fill + Top-6 Korelasi Pearson + MinMaxScaler [0, 1] + Lag Features (t-1, t-3, t-6)"
E154,ffill,corr_top6,minmax,lag,XGBoost,0.5606750597145396,7.583330560346864,-0.6188617558286098,2.240557474303968,58.08616992935616,-12.677219459956042,,"Forward Fill + Top-6 Korelasi Pearson + MinMaxScaler [0, 1] + Lag Features (t-1, t-3, t-6)"
E155,ffill,corr_top6,minmax,rolling,RF,1.0803112777313117,19.232648910730905,-0.3262218393237162,1.406867130579474,28.38363702232187,-1.439078499044034,,"Forward Fill + Top-6 Korelasi Pearson + MinMaxScaler [0, 1] + Rolling Mean & Std (3, 6)"
E155,ffill,corr_top6,minmax,rolling,XGBoost,1.0041380388336723,18.292345465859512,-0.14579043988858453,1.4136730887598332,28.477697498736728,-1.4627344921398224,,"Forward Fill + Top-6 Korelasi Pearson + MinMaxScaler [0, 1] + Rolling Mean & Std (3, 6)"
E156,ffill,corr_top6,minmax,lag_rolling,RF,0.48863639567951783,6.804459488660018,-0.2646339646640745,2.4288666835432573,61.4170935845086,-17.70772608139139,,"Forward Fill + Top-6 Korelasi Pearson + MinMaxScaler [0, 1] + Lag (1,3) + Rolling (6)"
E156,ffill,corr_top6,minmax,lag_rolling,XGBoost,0.5838718339153877,8.070733242071505,-0.8056279487014031,2.3090661451987717,59.813570750536456,-15.907772456760824,,"Forward Fill + Top-6 Korelasi Pearson + MinMaxScaler [0, 1] + Lag (1,3) + Rolling (6)"
E157,ffill,corr_top6,minmax,diff,RF,0.4392964891734562,6.590281711373741,-0.022135995498590688,2.555355964104035,64.79736378711311,-19.706965487942632,,"Forward Fill + Top-6 Korelasi Pearson + MinMaxScaler [0, 1] + First Difference"
E157,ffill,corr_top6,minmax,diff,XGBoost,0.5860861882369994,8.114130666140134,-0.8193497337406266,2.3133816244463805,59.93249002426195,-15.971030345343873,,"Forward Fill + Top-6 Korelasi Pearson + MinMaxScaler [0, 1] + First Difference"
E158,ffill,corr_top6,minmax,interaction,RF,2.38519619071746,48.02841185492229,-5.162936620948497,2.3784356503929325,51.819760303554496,-6.178358564834345,,"Forward Fill + Top-6 Korelasi Pearson + MinMaxScaler [0, 1] + Fitur Interaksi Ekonomi"
E158,ffill,corr_top6,minmax,interaction,XGBoost,2.4030337568516753,47.62731879851179,-5.2554597010899675,2.552019570776423,55.237905688710434,-7.264381126506828,,"Forward Fill + Top-6 Korelasi Pearson + MinMaxScaler [0, 1] + Fitur Interaksi Ekonomi"
E159,ffill,corr_top6,minmax,calendar,RF,1.9298143941750263,38.24940093913101,-3.03432210801909,2.145119128858152,45.99686729487721,-4.839089976011399,,"Forward Fill + Top-6 Korelasi Pearson + MinMaxScaler [0, 1] + Fitur Kalender (Bulan, Kuartal)"
E159,ffill,corr_top6,minmax,calendar,XGBoost,2.166249131437375,43.22755464679478,-4.0834234794347255,2.21027378441571,44.51364066054776,-5.199183349505398,,"Forward Fill + Top-6 Korelasi Pearson + MinMaxScaler [0, 1] + Fitur Kalender (Bulan, Kuartal)"
E160,ffill,corr_top6,minmax,policy_reaction,RF,0.20692177886855273,3.026444708398364,0.7732195439044348,1.3286955220400758,33.387294626361104,-4.59840856452668,,"Forward Fill + Top-6 Korelasi Pearson + MinMaxScaler [0, 1] + Fungsi Reaksi Kebijakan (Taylor/ITF) + Persistensi"
E160,ffill,corr_top6,minmax,policy_reaction,XGBoost,0.2133865953790018,3.1077360995654484,0.7588276660747909,0.970658590580545,24.047094929293568,-1.9877664888460798,,"Forward Fill + Top-6 Korelasi Pearson + MinMaxScaler [0, 1] + Fungsi Reaksi Kebijakan (Taylor/ITF) + Persistensi"
E161,ffill,corr_top6,robust,none,RF,2.0075811672813058,39.89732466734135,-3.366019924953359,2.1668667096575445,46.37334755272371,-4.958085497073656,,Forward Fill + Top-6 Korelasi Pearson + RobustScaler (IQR) + Tanpa Feature Engineering
E161,ffill,corr_top6,robust,none,XGBoost,2.2156079945419975,44.23770939330828,-4.317718386435653,2.216496534412597,45.293824192500786,-5.234138540444415,,Forward Fill + Top-6 Korelasi Pearson + RobustScaler (IQR) + Tanpa Feature Engineering
E162,ffill,corr_top6,robust,lag,RF,0.49669038958249684,7.502907176388811,-0.2704535798294285,2.547122817495646,64.89730384021347,-16.676057699357298,,"Forward Fill + Top-6 Korelasi Pearson + RobustScaler (IQR) + Lag Features (t-1, t-3, t-6)"
E162,ffill,corr_top6,robust,lag,XGBoost,0.5606750597145396,7.583330560346864,-0.6188617558286098,2.240557474303968,58.08616992935616,-12.677219459956042,,"Forward Fill + Top-6 Korelasi Pearson + RobustScaler (IQR) + Lag Features (t-1, t-3, t-6)"
E163,ffill,corr_top6,robust,rolling,RF,1.079956513939474,19.2186564061439,-0.32535094545239196,1.4062694851766349,28.365194750839894,-1.4370066695161037,,"Forward Fill + Top-6 Korelasi Pearson + RobustScaler (IQR) + Rolling Mean & Std (3, 6)"
E163,ffill,corr_top6,robust,rolling,XGBoost,1.0041380388336723,18.292345465859512,-0.14579043988858453,1.4136730887598332,28.477697498736728,-1.4627344921398224,,"Forward Fill + Top-6 Korelasi Pearson + RobustScaler (IQR) + Rolling Mean & Std (3, 6)"
E164,ffill,corr_top6,robust,lag_rolling,RF,0.48850714503721937,6.8023607232279195,-0.2639650290886528,2.428487735772976,61.40818154747154,-17.701889039690435,,"Forward Fill + Top-6 Korelasi Pearson + RobustScaler (IQR) + Lag (1,3) + Rolling (6)"
E164,ffill,corr_top6,robust,lag_rolling,XGBoost,0.5838718339153877,8.070733242071505,-0.8056279487014031,2.3090661451987717,59.813570750536456,-15.907772456760824,,"Forward Fill + Top-6 Korelasi Pearson + RobustScaler (IQR) + Lag (1,3) + Rolling (6)"
E165,ffill,corr_top6,robust,diff,RF,0.4405788734216031,6.600468967762528,-0.028112297695067845,2.5556224468217796,64.80451488361606,-19.71128452312915,,Forward Fill + Top-6 Korelasi Pearson + RobustScaler (IQR) + First Difference
E165,ffill,corr_top6,robust,diff,XGBoost,0.5860861882369994,8.114130666140134,-0.8193497337406266,2.3133816244463805,59.93249002426195,-15.971030345343873,,Forward Fill + Top-6 Korelasi Pearson + RobustScaler (IQR) + First Difference
E166,ffill,corr_top6,robust,interaction,RF,2.385493838644686,48.0342114973089,-5.164474858997166,2.378382608823387,51.81739824762101,-6.178038398796301,,Forward Fill + Top-6 Korelasi Pearson + RobustScaler (IQR) + Fitur Interaksi Ekonomi
E166,ffill,corr_top6,robust,interaction,XGBoost,2.4030337568516753,47.62731879851179,-5.2554597010899675,2.552019570776423,55.237905688710434,-7.264381126506828,,Forward Fill + Top-6 Korelasi Pearson + RobustScaler (IQR) + Fitur Interaksi Ekonomi
E167,ffill,corr_top6,robust,calendar,RF,1.9293289736140105,38.236055930922475,-3.032292797212177,2.1454261149931533,45.99805323209814,-4.840761349785015,,"Forward Fill + Top-6 Korelasi Pearson + RobustScaler (IQR) + Fitur Kalender (Bulan, Kuartal)"
E167,ffill,corr_top6,robust,calendar,XGBoost,2.166249131437375,43.22755464679478,-4.0834234794347255,2.21027378441571,44.51364066054776,-5.199183349505398,,"Forward Fill + Top-6 Korelasi Pearson + RobustScaler (IQR) + Fitur Kalender (Bulan, Kuartal)"
E168,ffill,corr_top6,robust,policy_reaction,RF,0.23043429441553093,3.3919615712472337,0.7187532938975325,1.3327790564207775,33.486201939510345,-4.632873080657179,,Forward Fill + Top-6 Korelasi Pearson + RobustScaler (IQR) + Fungsi Reaksi Kebijakan (Taylor/ITF) + Persistensi
E168,ffill,corr_top6,robust,policy_reaction,XGBoost,0.206721579010065,3.020691869937571,0.773658158459156,1.0148122032697235,25.14803199062578,-2.265765591179264,,Forward Fill + Top-6 Korelasi Pearson + RobustScaler (IQR) + Fungsi Reaksi Kebijakan (Taylor/ITF) + Persistensi
E169,ffill,mutual_info,standard,none,RF,0.8919779518119068,15.492498690136586,0.13811816761699214,1.0735559888503186,21.3229730191464,-0.462486056329535,,Forward Fill + Mutual Info Top-7 + StandardScaler (Z-Score) + Tanpa Feature Engineering
E169,ffill,mutual_info,standard,none,XGBoost,1.0381908102810273,19.538933422808043,-0.1675993592980103,0.9743669240059796,19.934053465297957,-0.20472355533333975,,Forward Fill + Mutual Info Top-7 + StandardScaler (Z-Score) + Tanpa Feature Engineering
E170,ffill,mutual_info,standard,lag,RF,0.4072936749409456,6.065644104270399,0.14571531847628671,2.166268287497412,55.26940674895503,-11.785276417983406,,"Forward Fill + Mutual Info Top-7 + StandardScaler (Z-Score) + Lag Features (t-1, t-3, t-6)"
E170,ffill,mutual_info,standard,lag,XGBoost,0.4085733210080406,6.18429751090148,0.14033885724251915,1.4930368430804342,38.55826691028892,-5.073327313037747,,"Forward Fill + Mutual Info Top-7 + StandardScaler (Z-Score) + Lag Features (t-1, t-3, t-6)"
E171,ffill,mutual_info,standard,rolling,RF,0.88300192896793,16.118785371890667,0.11398380493253724,1.1346808153750023,23.059947488886007,-0.5865984870597152,,"Forward Fill + Mutual Info Top-7 + StandardScaler (Z-Score) + Rolling Mean & Std (3, 6)"
E171,ffill,mutual_info,standard,rolling,XGBoost,1.0373299732434633,18.449824959934688,-0.2227909316015717,1.0385417475978256,21.368747666563138,-0.32913021187913727,,"Forward Fill + Mutual Info Top-7 + StandardScaler (Z-Score) + Rolling Mean & Std (3, 6)"
E172,ffill,mutual_info,standard,lag_rolling,RF,0.3859625134731371,5.407205208201698,0.2109882519490125,2.0873040326061423,52.793162550006834,-12.81608737579664,,"Forward Fill + Mutual Info Top-7 + StandardScaler (Z-Score) + Lag (1,3) + Rolling (6)"
E172,ffill,mutual_info,standard,lag_rolling,XGBoost,0.45475621360779145,5.8116161936461594,-0.09534391868854852,1.7133543162394067,44.02986277419011,-8.309106798757394,,"Forward Fill + Mutual Info Top-7 + StandardScaler (Z-Score) + Lag (1,3) + Rolling (6)"
E173,ffill,mutual_info,standard,diff,RF,0.4052796651175944,6.594703271218656,0.1300328679750825,1.7516067308936103,44.42943694257953,-8.729417897700552,,Forward Fill + Mutual Info Top-7 + StandardScaler (Z-Score) + First Difference
E173,ffill,mutual_info,standard,diff,XGBoost,0.37194999566652714,5.343530374004765,0.2672390217639924,1.5358342127630529,38.96122843756214,-6.4800124811871775,,Forward Fill + Mutual Info Top-7 + StandardScaler (Z-Score) + First Difference
E174,ffill,mutual_info,standard,interaction,RF,1.046716143372607,17.803602831445147,-0.18685409321253799,1.3991028570786332,27.60519374931495,-1.4839429847658647,,Forward Fill + Mutual Info Top-7 + StandardScaler (Z-Score) + Fitur Interaksi Ekonomi
E174,ffill,mutual_info,standard,interaction,XGBoost,1.1653818141989234,21.83408652651632,-0.47121437818884115,1.0438837613007763,21.333927008729,-0.38275940033824485,,Forward Fill + Mutual Info Top-7 + StandardScaler (Z-Score) + Fitur Interaksi Ekonomi
E175,ffill,mutual_info,standard,calendar,RF,0.8911018964135542,16.108089004304862,0.13981032927086512,1.085353818702864,21.603661735421355,-0.494806622800664,,"Forward Fill + Mutual Info Top-7 + StandardScaler (Z-Score) + Fitur Kalender (Bulan, Kuartal)"
E175,ffill,mutual_info,standard,calendar,XGBoost,1.069250975281795,19.999734339663625,-0.23850794653061014,1.0521055531154806,21.37620777515623,-0.40462683694065205,,"Forward Fill + Mutual Info Top-7 + StandardScaler (Z-Score) + Fitur Kalender (Bulan, Kuartal)"
E176,ffill,mutual_info,standard,policy_reaction,RF,0.257713007240641,4.043084986932646,0.6482242519339361,1.1677515811603405,29.485745253546497,-3.324287644892512,,Forward Fill + Mutual Info Top-7 + StandardScaler (Z-Score) + Fungsi Reaksi Kebijakan (Taylor/ITF) + Persistensi
E176,ffill,mutual_info,standard,policy_reaction,XGBoost,0.20150482968584718,2.8520935087285655,0.784937773620671,0.9638947078719173,23.976886497438247,-1.94627200046755,,Forward Fill + Mutual Info Top-7 + StandardScaler (Z-Score) + Fungsi Reaksi Kebijakan (Taylor/ITF) + Persistensi
E177,ffill,mutual_info,minmax,none,RF,0.8919779518119068,15.492498690136589,0.13811816761699214,1.0729701104588074,21.31324978461449,-0.4608902286630656,,"Forward Fill + Mutual Info Top-7 + MinMaxScaler [0, 1] + Tanpa Feature Engineering"
E177,ffill,mutual_info,minmax,none,XGBoost,1.0381908102810273,19.538933422808043,-0.1675993592980103,0.9743669240059796,19.934053465297957,-0.20472355533333975,,"Forward Fill + Mutual Info Top-7 + MinMaxScaler [0, 1] + Tanpa Feature Engineering"
E178,ffill,mutual_info,minmax,lag,RF,0.40668609909073333,6.065207626602797,0.1482621569639252,2.1654322327631848,55.2499056151682,-11.775409562401878,,"Forward Fill + Mutual Info Top-7 + MinMaxScaler [0, 1] + Lag Features (t-1, t-3, t-6)"
E178,ffill,mutual_info,minmax,lag,XGBoost,0.4085733210080406,6.18429751090148,0.14033885724251915,1.4930368430804342,38.55826691028892,-5.073327313037747,,"Forward Fill + Mutual Info Top-7 + MinMaxScaler [0, 1] + Lag Features (t-1, t-3, t-6)"
E179,ffill,mutual_info,minmax,rolling,RF,0.88300192896793,16.118785371890667,0.11398380493253701,1.134911887224765,23.073278009063998,-0.5872447579267599,,"Forward Fill + Mutual Info Top-7 + MinMaxScaler [0, 1] + Rolling Mean & Std (3, 6)"
E179,ffill,mutual_info,minmax,rolling,XGBoost,1.0373299732434633,18.449824959934688,-0.2227909316015717,1.0385417475978256,21.368747666563138,-0.32913021187913727,,"Forward Fill + Mutual Info Top-7 + MinMaxScaler [0, 1] + Rolling Mean & Std (3, 6)"
E180,ffill,mutual_info,minmax,lag_rolling,RF,0.3859625134731371,5.407205208201698,0.2109882519490125,2.0871042860867663,52.78885534101212,-12.813443215410967,,"Forward Fill + Mutual Info Top-7 + MinMaxScaler [0, 1] + Lag (1,3) + Rolling (6)"
E180,ffill,mutual_info,minmax,lag_rolling,XGBoost,0.45475621360779145,5.8116161936461594,-0.09534391868854852,1.7133543162394067,44.02986277419011,-8.309106798757394,,"Forward Fill + Mutual Info Top-7 + MinMaxScaler [0, 1] + Lag (1,3) + Rolling (6)"
E181,ffill,mutual_info,minmax,diff,RF,0.40562537915125035,6.605354950739518,0.12854802602410043,1.7514834636023928,44.42623753781763,-8.728048552895146,,"Forward Fill + Mutual Info Top-7 + MinMaxScaler [0, 1] + First Difference"
E181,ffill,mutual_info,minmax,diff,XGBoost,0.37194999566652714,5.343530374004765,0.2672390217639924,1.5358342127630529,38.96122843756214,-6.4800124811871775,,"Forward Fill + Mutual Info Top-7 + MinMaxScaler [0, 1] + First Difference"
E182,ffill,mutual_info,minmax,interaction,RF,1.046716143372607,17.803602831445147,-0.18685409321253799,1.3988646496384916,27.601035181125766,-1.483097238040687,,"Forward Fill + Mutual Info Top-7 + MinMaxScaler [0, 1] + Fitur Interaksi Ekonomi"
E182,ffill,mutual_info,minmax,interaction,XGBoost,1.1653818141989234,21.83408652651632,-0.47121437818884115,1.0438837613007763,21.333927008729,-0.38275940033824485,,"Forward Fill + Mutual Info Top-7 + MinMaxScaler [0, 1] + Fitur Interaksi Ekonomi"
E183,ffill,mutual_info,minmax,calendar,RF,0.8910458117546193,16.10781032935662,0.13991860404013723,1.08527981420465,21.602919560910582,-0.494602783940443,,"Forward Fill + Mutual Info Top-7 + MinMaxScaler [0, 1] + Fitur Kalender (Bulan, Kuartal)"
E183,ffill,mutual_info,minmax,calendar,XGBoost,1.069250975281795,19.999734339663625,-0.23850794653061014,1.0521055531154806,21.37620777515623,-0.40462683694065205,,"Forward Fill + Mutual Info Top-7 + MinMaxScaler [0, 1] + Fitur Kalender (Bulan, Kuartal)"
E184,ffill,mutual_info,minmax,policy_reaction,RF,0.2406144786883082,3.8244345921511664,0.6933544040812774,1.166907053985375,29.460884802028875,-3.3180351886037904,,"Forward Fill + Mutual Info Top-7 + MinMaxScaler [0, 1] + Fungsi Reaksi Kebijakan (Taylor/ITF) + Persistensi"
E184,ffill,mutual_info,minmax,policy_reaction,XGBoost,0.20150482968584718,2.8520935087285655,0.784937773620671,0.9638947078719173,23.976886497438247,-1.94627200046755,,"Forward Fill + Mutual Info Top-7 + MinMaxScaler [0, 1] + Fungsi Reaksi Kebijakan (Taylor/ITF) + Persistensi"
E185,ffill,mutual_info,robust,none,RF,0.8919779518119066,15.492498690136584,0.13811816761699247,1.0729701104588074,21.31324978461449,-0.46089022866306584,,Forward Fill + Mutual Info Top-7 + RobustScaler (IQR) + Tanpa Feature Engineering
E185,ffill,mutual_info,robust,none,XGBoost,1.0381908102810273,19.538933422808043,-0.1675993592980103,0.9743669240059796,19.934053465297957,-0.20472355533333975,,Forward Fill + Mutual Info Top-7 + RobustScaler (IQR) + Tanpa Feature Engineering
E186,ffill,mutual_info,robust,lag,RF,0.401867683206259,6.010200086499639,0.1683253698925129,2.1660793782214594,55.26084715120289,-11.783046636922819,,"Forward Fill + Mutual Info Top-7 + RobustScaler (IQR) + Lag Features (t-1, t-3, t-6)"
E186,ffill,mutual_info,robust,lag,XGBoost,0.4085733210080406,6.18429751090148,0.14033885724251915,1.4930368430804342,38.55826691028892,-5.073327313037747,,"Forward Fill + Mutual Info Top-7 + RobustScaler (IQR) + Lag Features (t-1, t-3, t-6)"
E187,ffill,mutual_info,robust,rolling,RF,0.88300192896793,16.118785371890667,0.11398380493253724,1.1346878111704657,23.061216250358846,-0.5866180512447514,,"Forward Fill + Mutual Info Top-7 + RobustScaler (IQR) + Rolling Mean & Std (3, 6)"
E187,ffill,mutual_info,robust,rolling,XGBoost,1.0373299732434633,18.449824959934688,-0.2227909316015717,1.0385417475978256,21.368747666563138,-0.32913021187913727,,"Forward Fill + Mutual Info Top-7 + RobustScaler (IQR) + Rolling Mean & Std (3, 6)"
E188,ffill,mutual_info,robust,lag_rolling,RF,0.38597429171089415,5.4073903933868825,0.21094009540823522,2.087058077723801,52.78655793081997,-12.812831564583334,,"Forward Fill + Mutual Info Top-7 + RobustScaler (IQR) + Lag (1,3) + Rolling (6)"
E188,ffill,mutual_info,robust,lag_rolling,XGBoost,0.45475621360779145,5.8116161936461594,-0.09534391868854852,1.7133543162394067,44.02986277419011,-8.309106798757394,,"Forward Fill + Mutual Info Top-7 + RobustScaler (IQR) + Lag (1,3) + Rolling (6)"
E189,ffill,mutual_info,robust,diff,RF,0.4054862945102779,6.5981957988339905,0.12914554684552393,1.7516367080483854,44.429475522826436,-8.729750920812187,,Forward Fill + Mutual Info Top-7 + RobustScaler (IQR) + First Difference
E189,ffill,mutual_info,robust,diff,XGBoost,0.37194999566652714,5.343530374004765,0.2672390217639924,1.5358342127630529,38.96122843756214,-6.4800124811871775,,Forward Fill + Mutual Info Top-7 + RobustScaler (IQR) + First Difference
E190,ffill,mutual_info,robust,interaction,RF,1.046800486724419,17.804698069540382,-0.1870453719772298,1.3988646496384916,27.601035181125766,-1.483097238040687,,Forward Fill + Mutual Info Top-7 + RobustScaler (IQR) + Fitur Interaksi Ekonomi
E190,ffill,mutual_info,robust,interaction,XGBoost,1.1653818141989234,21.83408652651632,-0.47121437818884115,1.0438837613007763,21.333927008729,-0.38275940033824485,,Forward Fill + Mutual Info Top-7 + RobustScaler (IQR) + Fitur Interaksi Ekonomi
E191,ffill,mutual_info,robust,calendar,RF,0.8910689944223922,16.106607995458635,0.1398738493476689,1.0852036985045295,21.60106327888474,-0.4943931444604508,,"Forward Fill + Mutual Info Top-7 + RobustScaler (IQR) + Fitur Kalender (Bulan, Kuartal)"
E191,ffill,mutual_info,robust,calendar,XGBoost,1.069250975281795,19.999734339663625,-0.23850794653061014,1.0521055531154806,21.37620777515623,-0.40462683694065205,,"Forward Fill + Mutual Info Top-7 + RobustScaler (IQR) + Fitur Kalender (Bulan, Kuartal)"
E192,ffill,mutual_info,robust,policy_reaction,RF,0.2572068704599547,4.046618827031287,0.6496046386574799,1.1653401034317847,29.42255524103412,-3.306446254019657,,Forward Fill + Mutual Info Top-7 + RobustScaler (IQR) + Fungsi Reaksi Kebijakan (Taylor/ITF) + Persistensi
E192,ffill,mutual_info,robust,policy_reaction,XGBoost,0.2001609862717029,2.8276279446146897,0.7877967249199979,0.9619017801238144,23.92411308805392,-1.9341012995223754,,Forward Fill + Mutual Info Top-7 + RobustScaler (IQR) + Fungsi Reaksi Kebijakan (Taylor/ITF) + Persistensi
E193,mean,all,standard,none,RF,0.9877521996903075,17.995863043130544,-0.056903894914600794,1.22332209567557,24.462798182073183,-0.898995677554671,,Mean Imputation + Semua Fitur (12) + StandardScaler (Z-Score) + Tanpa Feature Engineering
E193,mean,all,standard,none,XGBoost,1.0872611653041069,20.101203034511936,-0.2805815480876852,1.0319326042543249,21.126639014857176,-0.35127892937051985,,Mean Imputation + Semua Fitur (12) + StandardScaler (Z-Score) + Tanpa Feature Engineering
E194,mean,all,standard,lag,RF,1.065643869329016,18.000600949374657,-0.3641816570005765,1.5586612412017533,31.030953269935154,-1.8616538285050388,,"Mean Imputation + Semua Fitur (12) + StandardScaler (Z-Score) + Lag Features (t-1, t-3, t-6)"
E194,mean,all,standard,lag,XGBoost,0.9949034804830568,16.55810390759327,-0.18907685122153328,1.1273276144649438,23.194428512404837,-0.4969728200267629,,"Mean Imputation + Semua Fitur (12) + StandardScaler (Z-Score) + Lag Features (t-1, t-3, t-6)"
E195,mean,all,standard,rolling,RF,0.9056123062225784,16.688328547408464,0.06802773865683176,1.1218420579084953,22.94970382855784,-0.5508973254864051,,"Mean Imputation + Semua Fitur (12) + StandardScaler (Z-Score) + Rolling Mean & Std (3, 6)"
E195,mean,all,standard,rolling,XGBoost,1.0813262261650578,19.403922941311084,-0.3287149709041328,1.0356322666810962,21.271793965246516,-0.321693510997755,,"Mean Imputation + Semua Fitur (12) + StandardScaler (Z-Score) + Rolling Mean & Std (3, 6)"
E196,mean,all,standard,lag_rolling,RF,0.9609159701442532,16.491832230932125,-0.049274644041663374,1.356250429405555,27.177130092880965,-1.2667278940952689,,"Mean Imputation + Semua Fitur (12) + StandardScaler (Z-Score) + Lag (1,3) + Rolling (6)"
E196,mean,all,standard,lag_rolling,XGBoost,1.0174772923534143,18.00737676734427,-0.17643464811314447,1.1029267939340277,22.876959561129397,-0.4990391881331888,,"Mean Imputation + Semua Fitur (12) + StandardScaler (Z-Score) + Lag (1,3) + Rolling (6)"
E197,mean,all,standard,diff,RF,0.9179915656278478,16.563076926086953,0.04237442183383078,1.134906737882002,23.11434550681103,-0.5872303546081277,,Mean Imputation + Semua Fitur (12) + StandardScaler (Z-Score) + First Difference
E197,mean,all,standard,diff,XGBoost,1.0653092245158373,19.37740961417076,-0.2896436698604141,1.0626596338897756,22.202226473268734,-0.3915793620296417,,Mean Imputation + Semua Fitur (12) + StandardScaler (Z-Score) + First Difference
E198,mean,all,standard,interaction,RF,1.1369676919767988,18.893680903266684,-0.4003472255643048,1.4147855471456048,28.259876143748485,-1.539940630102886,,Mean Imputation + Semua Fitur (12) + StandardScaler (Z-Score) + Fitur Interaksi Ekonomi
E198,mean,all,standard,interaction,XGBoost,1.068144500436417,19.71539758858933,-0.23594602444150325,1.0060706529297585,20.928422465752345,-0.28439704512456165,,Mean Imputation + Semua Fitur (12) + StandardScaler (Z-Score) + Fitur Interaksi Ekonomi
E199,mean,all,standard,calendar,RF,1.0173407793696352,17.995365597731215,-0.12117238875387049,1.3089233787314296,26.088361898788335,-1.174056295301142,,"Mean Imputation + Semua Fitur (12) + StandardScaler (Z-Score) + Fitur Kalender (Bulan, Kuartal)"
E199,mean,all,standard,calendar,XGBoost,1.0827086939188646,20.02499388670679,-0.26988015262016907,1.049489683033913,21.71643029084218,-0.3976508191065018,,"Mean Imputation + Semua Fitur (12) + StandardScaler (Z-Score) + Fitur Kalender (Bulan, Kuartal)"
E200,mean,all,standard,policy_reaction,RF,0.74727694366358,13.493832882417534,0.3291719873333506,0.9217250314054058,19.36881345230013,-0.0007287756791711786,,Mean Imputation + Semua Fitur (12) + StandardScaler (Z-Score) + Fungsi Reaksi Kebijakan (Taylor/ITF) + Persistensi
E200,mean,all,standard,policy_reaction,XGBoost,1.2071730997530092,22.2643250296241,-0.7506007995233597,0.94327522982117,18.89245573885443,-0.04807046972566087,,Mean Imputation + Semua Fitur (12) + StandardScaler (Z-Score) + Fungsi Reaksi Kebijakan (Taylor/ITF) + Persistensi
E201,mean,all,minmax,none,RF,0.9877326412298582,17.995017632502528,-0.056862039865577696,1.22290548731031,24.455737024276733,-0.8977024731324272,,"Mean Imputation + Semua Fitur (12) + MinMaxScaler [0, 1] + Tanpa Feature Engineering"
E201,mean,all,minmax,none,XGBoost,1.0872611653041069,20.101203034511936,-0.2805815480876852,1.0319326042543249,21.126639014857176,-0.35127892937051985,,"Mean Imputation + Semua Fitur (12) + MinMaxScaler [0, 1] + Tanpa Feature Engineering"
E202,mean,all,minmax,lag,RF,1.0663984750207551,18.01240588363523,-0.3661143546863588,1.5590230449977043,31.03315234400923,-1.8629825038534444,,"Mean Imputation + Semua Fitur (12) + MinMaxScaler [0, 1] + Lag Features (t-1, t-3, t-6)"
E202,mean,all,minmax,lag,XGBoost,0.9949034804830568,16.55810390759327,-0.18907685122153328,1.1273276144649438,23.194428512404837,-0.4969728200267629,,"Mean Imputation + Semua Fitur (12) + MinMaxScaler [0, 1] + Lag Features (t-1, t-3, t-6)"
E203,mean,all,minmax,rolling,RF,0.9049304287146914,16.679314941966283,0.06943066057678449,1.1214311335693188,22.946022601681126,-0.5497613639057677,,"Mean Imputation + Semua Fitur (12) + MinMaxScaler [0, 1] + Rolling Mean & Std (3, 6)"
E203,mean,all,minmax,rolling,XGBoost,1.0813262261650578,19.403922941311084,-0.3287149709041328,1.0356322666810962,21.271793965246516,-0.321693510997755,,"Mean Imputation + Semua Fitur (12) + MinMaxScaler [0, 1] + Rolling Mean & Std (3, 6)"
E204,mean,all,minmax,lag_rolling,RF,0.9609279867691582,16.492844540617906,-0.049300887374171376,1.356542254788633,27.17952748582082,-1.2677034659928892,,"Mean Imputation + Semua Fitur (12) + MinMaxScaler [0, 1] + Lag (1,3) + Rolling (6)"
E204,mean,all,minmax,lag_rolling,XGBoost,1.0174772923534143,18.00737676734427,-0.17643464811314447,1.1029267939340277,22.876959561129397,-0.4990391881331888,,"Mean Imputation + Semua Fitur (12) + MinMaxScaler [0, 1] + Lag (1,3) + Rolling (6)"
E205,mean,all,minmax,diff,RF,0.9176686381353699,16.56045031988892,0.04304804291273456,1.1352724770329332,23.12603981339749,-0.5882535326400149,,"Mean Imputation + Semua Fitur (12) + MinMaxScaler [0, 1] + First Difference"
E205,mean,all,minmax,diff,XGBoost,1.0653092245158373,19.37740961417076,-0.2896436698604141,1.0626596338897756,22.202226473268734,-0.3915793620296417,,"Mean Imputation + Semua Fitur (12) + MinMaxScaler [0, 1] + First Difference"
E206,mean,all,minmax,interaction,RF,1.1369689006546482,18.894163995054125,-0.4003502029040913,1.4147577784786811,28.258602797108246,-1.5398409258426398,,"Mean Imputation + Semua Fitur (12) + MinMaxScaler [0, 1] + Fitur Interaksi Ekonomi"
E206,mean,all,minmax,interaction,XGBoost,1.068144500436417,19.71539758858933,-0.23594602444150325,1.0060706529297585,20.928422465752345,-0.28439704512456165,,"Mean Imputation + Semua Fitur (12) + MinMaxScaler [0, 1] + Fitur Interaksi Ekonomi"
E207,mean,all,minmax,calendar,RF,1.0173714619763965,17.996008761508808,-0.12124001803005013,1.3090806181457095,26.09037990701697,-1.174578660287355,,"Mean Imputation + Semua Fitur (12) + MinMaxScaler [0, 1] + Fitur Kalender (Bulan, Kuartal)"
E207,mean,all,minmax,calendar,XGBoost,1.0827086939188646,20.02499388670679,-0.26988015262016907,1.049489683033913,21.71643029084218,-0.3976508191065018,,"Mean Imputation + Semua Fitur (12) + MinMaxScaler [0, 1] + Fitur Kalender (Bulan, Kuartal)"
E208,mean,all,minmax,policy_reaction,RF,0.7485065628560033,13.531168261745663,0.32696252095434686,0.9213940416593104,19.371029078449578,-1.0185036892984556e-05,,"Mean Imputation + Semua Fitur (12) + MinMaxScaler [0, 1] + Fungsi Reaksi Kebijakan (Taylor/ITF) + Persistensi"
E208,mean,all,minmax,policy_reaction,XGBoost,1.2071730997530092,22.2643250296241,-0.7506007995233597,0.94327522982117,18.89245573885443,-0.04807046972566087,,"Mean Imputation + Semua Fitur (12) + MinMaxScaler [0, 1] + Fungsi Reaksi Kebijakan (Taylor/ITF) + Persistensi"
E209,mean,all,robust,none,RF,0.9882217474548021,18.00026961662951,-0.05790897456208244,1.2229591185640905,24.45876173657711,-0.8978689265431277,,Mean Imputation + Semua Fitur (12) + RobustScaler (IQR) + Tanpa Feature Engineering
E209,mean,all,robust,none,XGBoost,1.0872611653041069,20.101203034511936,-0.2805815480876852,1.0319326042543249,21.126639014857176,-0.35127892937051985,,Mean Imputation + Semua Fitur (12) + RobustScaler (IQR) + Tanpa Feature Engineering
E210,mean,all,robust,lag,RF,1.06504754230647,17.987832034044096,-0.3626553107322379,1.558324164815231,31.0193929745207,-1.8604162387008638,,"Mean Imputation + Semua Fitur (12) + RobustScaler (IQR) + Lag Features (t-1, t-3, t-6)"
E210,mean,all,robust,lag,XGBoost,0.9949034804830568,16.55810390759327,-0.18907685122153328,1.1273276144649438,23.194428512404837,-0.4969728200267629,,"Mean Imputation + Semua Fitur (12) + RobustScaler (IQR) + Lag Features (t-1, t-3, t-6)"
E211,mean,all,robust,rolling,RF,0.9049290547533964,16.6789505104794,0.06943348635265334,1.1218216866313477,22.95031796310055,-0.5508410012076528,,"Mean Imputation + Semua Fitur (12) + RobustScaler (IQR) + Rolling Mean & Std (3, 6)"
E211,mean,all,robust,rolling,XGBoost,1.0813262261650578,19.403922941311084,-0.3287149709041328,1.0356322666810962,21.271793965246516,-0.321693510997755,,"Mean Imputation + Semua Fitur (12) + RobustScaler (IQR) + Rolling Mean & Std (3, 6)"
E212,mean,all,robust,lag_rolling,RF,0.9609276717154609,16.490972501256955,-0.04930019931830354,1.3563744249715362,27.177054394612238,-1.2671423854756885,,"Mean Imputation + Semua Fitur (12) + RobustScaler (IQR) + Lag (1,3) + Rolling (6)"
E212,mean,all,robust,lag_rolling,XGBoost,1.0174772923534143,18.00737676734427,-0.17643464811314447,1.1029267939340277,22.876959561129397,-0.4990391881331888,,"Mean Imputation + Semua Fitur (12) + RobustScaler (IQR) + Lag (1,3) + Rolling (6)"
E213,mean,all,robust,diff,RF,0.9175528708266361,16.55748357763646,0.043289473773864606,1.1345234594922295,23.100845005420005,-0.586158463238267,,Mean Imputation + Semua Fitur (12) + RobustScaler (IQR) + First Difference
E213,mean,all,robust,diff,XGBoost,1.0653092245158373,19.37740961417076,-0.2896436698604141,1.0626596338897756,22.202226473268734,-0.3915793620296417,,Mean Imputation + Semua Fitur (12) + RobustScaler (IQR) + First Difference
E214,mean,all,robust,interaction,RF,1.1369528730912088,18.892358439498572,-0.4003107224160911,1.414767460692912,28.25886957048425,-1.5398756899110602,,Mean Imputation + Semua Fitur (12) + RobustScaler (IQR) + Fitur Interaksi Ekonomi
E214,mean,all,robust,interaction,XGBoost,1.068144500436417,19.71539758858933,-0.23594602444150325,1.0060706529297585,20.928422465752345,-0.28439704512456165,,Mean Imputation + Semua Fitur (12) + RobustScaler (IQR) + Fitur Interaksi Ekonomi
E215,mean,all,robust,calendar,RF,1.0185779436465918,18.00690047659504,-0.12390090971788159,1.3091756126378375,26.094925923145983,-1.1748942718511208,,"Mean Imputation + Semua Fitur (12) + RobustScaler (IQR) + Fitur Kalender (Bulan, Kuartal)"
E215,mean,all,robust,calendar,XGBoost,1.0827086939188646,20.02499388670679,-0.26988015262016907,1.049489683033913,21.71643029084218,-0.3976508191065018,,"Mean Imputation + Semua Fitur (12) + RobustScaler (IQR) + Fitur Kalender (Bulan, Kuartal)"
E216,mean,all,robust,policy_reaction,RF,0.7308517676648706,13.243754250602487,0.3583375466027505,0.9236729761389658,19.46529642935606,-0.004963062791948358,,Mean Imputation + Semua Fitur (12) + RobustScaler (IQR) + Fungsi Reaksi Kebijakan (Taylor/ITF) + Persistensi
E216,mean,all,robust,policy_reaction,XGBoost,1.2071730997530092,22.2643250296241,-0.7506007995233597,0.94327522982117,18.89245573885443,-0.04807046972566087,,Mean Imputation + Semua Fitur (12) + RobustScaler (IQR) + Fungsi Reaksi Kebijakan (Taylor/ITF) + Persistensi
E217,mean,domain_itf,standard,none,RF,1.3107555604005843,23.96735622803708,-0.8611565488108863,1.5701799802732344,31.72521606131436,-2.1285363674453333,,Mean Imputation + Domain Expert — ITF (7) + StandardScaler (Z-Score) + Tanpa Feature Engineering
E217,mean,domain_itf,standard,none,XGBoost,1.1138207968909575,17.821409353837787,-0.34390983624840366,1.6679403487268734,33.0955600800863,-2.530232961138196,,Mean Imputation + Domain Expert — ITF (7) + StandardScaler (Z-Score) + Tanpa Feature Engineering
E218,mean,domain_itf,standard,lag,RF,1.5024694784942971,29.01685940387699,-1.711810518273487,1.807515579394865,37.50362410038744,-2.8483779962760107,,"Mean Imputation + Domain Expert — ITF (7) + StandardScaler (Z-Score) + Lag Features (t-1, t-3, t-6)"
E218,mean,domain_itf,standard,lag,XGBoost,0.9959622592918704,15.72430633188121,-0.19160903508868188,1.9258887829237248,39.27465111594557,-3.368939509231618,,"Mean Imputation + Domain Expert — ITF (7) + StandardScaler (Z-Score) + Lag Features (t-1, t-3, t-6)"
E219,mean,domain_itf,standard,rolling,RF,0.9413974386796443,16.453022636817156,-0.007080948595529657,1.2546013190361536,25.444202444850028,-0.9396844815885765,,"Mean Imputation + Domain Expert — ITF (7) + StandardScaler (Z-Score) + Rolling Mean & Std (3, 6)"
E219,mean,domain_itf,standard,rolling,XGBoost,1.089819544530824,19.527925200025535,-0.34966982986638406,1.4455031169711428,29.57985349326232,-1.574884047515015,,"Mean Imputation + Domain Expert — ITF (7) + StandardScaler (Z-Score) + Rolling Mean & Std (3, 6)"
E220,mean,domain_itf,standard,lag_rolling,RF,1.4778187816415587,29.17382705022222,-1.481765363140494,1.7113772140229488,36.99350483173017,-2.609201276342264,,"Mean Imputation + Domain Expert — ITF (7) + StandardScaler (Z-Score) + Lag (1,3) + Rolling (6)"
E220,mean,domain_itf,standard,lag_rolling,XGBoost,1.112914270252594,19.04275814343357,-0.4074785272244714,1.6726324152731311,33.309757493627004,-2.4476298305461994,,"Mean Imputation + Domain Expert — ITF (7) + StandardScaler (Z-Score) + Lag (1,3) + Rolling (6)"
E221,mean,domain_itf,standard,diff,RF,1.2396239983997255,21.1696123999114,-0.7462173793706977,1.4515656953172171,29.21529840380549,-1.5965279608597096,,Mean Imputation + Domain Expert — ITF (7) + StandardScaler (Z-Score) + First Difference
E221,mean,domain_itf,standard,diff,XGBoost,0.9796802205814082,16.074486963506974,-0.09065409755468079,1.518761579790213,30.53040262565011,-1.8424891531295158,,Mean Imputation + Domain Expert — ITF (7) + StandardScaler (Z-Score) + First Difference
E222,mean,domain_itf,standard,interaction,RF,1.6244036753667819,31.61093753442814,-1.8584290324117632,1.7169552865912598,35.63886796974435,-2.740763971843813,,Mean Imputation + Domain Expert — ITF (7) + StandardScaler (Z-Score) + Fitur Interaksi Ekonomi
E222,mean,domain_itf,standard,interaction,XGBoost,1.205279956156637,20.549038490607483,-0.5736761248075228,1.7289486875712206,34.20740304716835,-2.7932070121025006,,Mean Imputation + Domain Expert — ITF (7) + StandardScaler (Z-Score) + Fitur Interaksi Ekonomi
E223,mean,domain_itf,standard,calendar,RF,1.2705670809047396,22.705688308775954,-0.7487780171469636,1.4551102333942223,29.14389406602565,-1.6867924925572781,,"Mean Imputation + Domain Expert — ITF (7) + StandardScaler (Z-Score) + Fitur Kalender (Bulan, Kuartal)"
E223,mean,domain_itf,standard,calendar,XGBoost,1.1134932206570685,18.594916606933026,-0.34311946101476054,1.6609227756777705,32.907137746556835,-2.5005897521057663,,"Mean Imputation + Domain Expert — ITF (7) + StandardScaler (Z-Score) + Fitur Kalender (Bulan, Kuartal)"
E224,mean,domain_itf,standard,policy_reaction,RF,0.700190197942191,12.183688161305673,0.41104776050829417,0.9581215328735754,19.762935847383226,-0.08132146857149625,,Mean Imputation + Domain Expert — ITF (7) + StandardScaler (Z-Score) + Fungsi Reaksi Kebijakan (Taylor/ITF) + Persistensi
E224,mean,domain_itf,standard,policy_reaction,XGBoost,1.200081867940341,22.2019686750213,-0.7300942874338436,1.200344978747798,25.097483914445124,-0.6971717120059502,,Mean Imputation + Domain Expert — ITF (7) + StandardScaler (Z-Score) + Fungsi Reaksi Kebijakan (Taylor/ITF) + Persistensi
E225,mean,domain_itf,minmax,none,RF,1.310757088131886,23.968103640045356,-0.8611608872990986,1.5702888840580569,31.726359971259292,-2.1289703575242176,,"Mean Imputation + Domain Expert — ITF (7) + MinMaxScaler [0, 1] + Tanpa Feature Engineering"
E225,mean,domain_itf,minmax,none,XGBoost,1.1138207968909575,17.821409353837787,-0.34390983624840366,1.6679403487268734,33.0955600800863,-2.530232961138196,,"Mean Imputation + Domain Expert — ITF (7) + MinMaxScaler [0, 1] + Tanpa Feature Engineering"
E226,mean,domain_itf,minmax,lag,RF,1.5028169879763045,29.019304702728157,-1.7130651046255654,1.8086372791055803,37.52423229042272,-2.853155895798306,,"Mean Imputation + Domain Expert — ITF (7) + MinMaxScaler [0, 1] + Lag Features (t-1, t-3, t-6)"
E226,mean,domain_itf,minmax,lag,XGBoost,0.9959622592918704,15.72430633188121,-0.19160903508868188,1.9258887829237248,39.27465111594557,-3.368939509231618,,"Mean Imputation + Domain Expert — ITF (7) + MinMaxScaler [0, 1] + Lag Features (t-1, t-3, t-6)"
E227,mean,domain_itf,minmax,rolling,RF,0.941488235860906,16.456896408548072,-0.0072752225915013735,1.254708470007778,25.44840771091636,-0.9400158186421665,,"Mean Imputation + Domain Expert — ITF (7) + MinMaxScaler [0, 1] + Rolling Mean & Std (3, 6)"
E227,mean,domain_itf,minmax,rolling,XGBoost,1.089819544530824,19.527925200025535,-0.34966982986638406,1.4455031169711428,29.57985349326232,-1.574884047515015,,"Mean Imputation + Domain Expert — ITF (7) + MinMaxScaler [0, 1] + Rolling Mean & Std (3, 6)"
E228,mean,domain_itf,minmax,lag_rolling,RF,1.476800054408227,29.153398640763196,-1.4783449565549507,1.7111397161507478,36.983058308243436,-2.608199605712708,,"Mean Imputation + Domain Expert — ITF (7) + MinMaxScaler [0, 1] + Lag (1,3) + Rolling (6)"
E228,mean,domain_itf,minmax,lag_rolling,XGBoost,1.112914270252594,19.04275814343357,-0.4074785272244714,1.6726324152731311,33.309757493627004,-2.4476298305461994,,"Mean Imputation + Domain Expert — ITF (7) + MinMaxScaler [0, 1] + Lag (1,3) + Rolling (6)"
E229,mean,domain_itf,minmax,diff,RF,1.2385293644738242,21.157998214899916,-0.7431347916843674,1.4518708879264428,29.229197065084712,-1.5976199189453628,,"Mean Imputation + Domain Expert — ITF (7) + MinMaxScaler [0, 1] + First Difference"
E229,mean,domain_itf,minmax,diff,XGBoost,0.9796802205814082,16.074486963506974,-0.09065409755468079,1.518761579790213,30.53040262565011,-1.8424891531295158,,"Mean Imputation + Domain Expert — ITF (7) + MinMaxScaler [0, 1] + First Difference"
E230,mean,domain_itf,minmax,interaction,RF,1.6243381297993684,31.609826423317035,-1.8581983587489335,1.7172736573864027,35.64847280374144,-2.7421513817861953,,"Mean Imputation + Domain Expert — ITF (7) + MinMaxScaler [0, 1] + Fitur Interaksi Ekonomi"
E230,mean,domain_itf,minmax,interaction,XGBoost,1.205279956156637,20.549038490607483,-0.5736761248075228,1.7289486875712206,34.20740304716835,-2.7932070121025006,,"Mean Imputation + Domain Expert — ITF (7) + MinMaxScaler [0, 1] + Fitur Interaksi Ekonomi"
E231,mean,domain_itf,minmax,calendar,RF,1.271080537044778,22.729012060890494,-0.750191720139787,1.455597770336485,29.151106004458722,-1.6885932221653013,,"Mean Imputation + Domain Expert — ITF (7) + MinMaxScaler [0, 1] + Fitur Kalender (Bulan, Kuartal)"
E231,mean,domain_itf,minmax,calendar,XGBoost,1.1134932206570685,18.594916606933026,-0.34311946101476054,1.6609227756777705,32.907137746556835,-2.5005897521057663,,"Mean Imputation + Domain Expert — ITF (7) + MinMaxScaler [0, 1] + Fitur Kalender (Bulan, Kuartal)"
E232,mean,domain_itf,minmax,policy_reaction,RF,0.7008262480558048,12.20888820240833,0.4099772705643423,0.9585146946363274,19.772831734317755,-0.08220908348517941,,"Mean Imputation + Domain Expert — ITF (7) + MinMaxScaler [0, 1] + Fungsi Reaksi Kebijakan (Taylor/ITF) + Persistensi"
E232,mean,domain_itf,minmax,policy_reaction,XGBoost,1.200081867940341,22.2019686750213,-0.7300942874338436,1.200344978747798,25.097483914445124,-0.6971717120059502,,"Mean Imputation + Domain Expert — ITF (7) + MinMaxScaler [0, 1] + Fungsi Reaksi Kebijakan (Taylor/ITF) + Persistensi"
E233,mean,domain_itf,robust,none,RF,1.3113441943647572,23.978063957505682,-0.8628285401155353,1.5703164335841482,31.728953508674255,-2.1290801493052713,,Mean Imputation + Domain Expert — ITF (7) + RobustScaler (IQR) + Tanpa Feature Engineering
E233,mean,domain_itf,robust,none,XGBoost,1.1138207968909575,17.821409353837787,-0.34390983624840366,1.6679403487268734,33.0955600800863,-2.530232961138196,,Mean Imputation + Domain Expert — ITF (7) + RobustScaler (IQR) + Tanpa Feature Engineering
E234,mean,domain_itf,robust,lag,RF,1.5022018968995337,29.012507532606296,-1.710844687049435,1.8079617284167067,37.50679264095181,-2.850278020813183,,"Mean Imputation + Domain Expert — ITF (7) + RobustScaler (IQR) + Lag Features (t-1, t-3, t-6)"
E234,mean,domain_itf,robust,lag,XGBoost,0.9959622592918704,15.72430633188121,-0.19160903508868188,1.9258887829237248,39.27465111594557,-3.368939509231618,,"Mean Imputation + Domain Expert — ITF (7) + RobustScaler (IQR) + Lag Features (t-1, t-3, t-6)"
E235,mean,domain_itf,robust,rolling,RF,0.9414804662106233,16.456154048111834,-0.007258597542717959,1.2547263927262853,25.45209310111253,-0.9400712428408304,,"Mean Imputation + Domain Expert — ITF (7) + RobustScaler (IQR) + Rolling Mean & Std (3, 6)"
E235,mean,domain_itf,robust,rolling,XGBoost,1.089819544530824,19.527925200025535,-0.34966982986638406,1.4455031169711428,29.57985349326232,-1.574884047515015,,"Mean Imputation + Domain Expert — ITF (7) + RobustScaler (IQR) + Rolling Mean & Std (3, 6)"
E236,mean,domain_itf,robust,lag_rolling,RF,1.4767310436738288,29.152984284544516,-1.4781133362907592,1.711401922402009,36.99306019259506,-2.6093054943443135,,"Mean Imputation + Domain Expert — ITF (7) + RobustScaler (IQR) + Lag (1,3) + Rolling (6)"
E236,mean,domain_itf,robust,lag_rolling,XGBoost,1.112914270252594,19.04275814343357,-0.4074785272244714,1.6726324152731311,33.309757493627004,-2.4476298305461994,,"Mean Imputation + Domain Expert — ITF (7) + RobustScaler (IQR) + Lag (1,3) + Rolling (6)"
E237,mean,domain_itf,robust,diff,RF,1.2377935313671649,21.15138703577642,-0.7410641500007555,1.4496267029509906,29.117359360410983,-1.5895957423793945,,Mean Imputation + Domain Expert — ITF (7) + RobustScaler (IQR) + First Difference
E237,mean,domain_itf,robust,diff,XGBoost,0.9796802205814082,16.074486963506974,-0.09065409755468079,1.518761579790213,30.53040262565011,-1.8424891531295158,,Mean Imputation + Domain Expert — ITF (7) + RobustScaler (IQR) + First Difference
E238,mean,domain_itf,robust,interaction,RF,1.624640780293162,31.61538685216693,-1.8592635504309536,1.71724327653624,35.64403074914182,-2.7420189757083806,,Mean Imputation + Domain Expert — ITF (7) + RobustScaler (IQR) + Fitur Interaksi Ekonomi
E238,mean,domain_itf,robust,interaction,XGBoost,1.205279956156637,20.549038490607483,-0.5736761248075228,1.7289486875712206,34.20740304716835,-2.7932070121025006,,Mean Imputation + Domain Expert — ITF (7) + RobustScaler (IQR) + Fitur Interaksi Ekonomi
E239,mean,domain_itf,robust,calendar,RF,1.2721237551877072,22.745124196839196,-0.7530657803795513,1.455282250942562,29.14088061513115,-1.6874277747031452,,"Mean Imputation + Domain Expert — ITF (7) + RobustScaler (IQR) + Fitur Kalender (Bulan, Kuartal)"
E239,mean,domain_itf,robust,calendar,XGBoost,1.1134932206570685,18.594916606933026,-0.34311946101476054,1.6609227756777705,32.907137746556835,-2.5005897521057663,,"Mean Imputation + Domain Expert — ITF (7) + RobustScaler (IQR) + Fitur Kalender (Bulan, Kuartal)"
E240,mean,domain_itf,robust,policy_reaction,RF,0.6833208253514003,11.764750181119243,0.4390846337657254,0.9599530744456642,19.8314798956447,-0.08545952016217884,,Mean Imputation + Domain Expert — ITF (7) + RobustScaler (IQR) + Fungsi Reaksi Kebijakan (Taylor/ITF) + Persistensi
E240,mean,domain_itf,robust,policy_reaction,XGBoost,1.200081867940341,22.2019686750213,-0.7300942874338436,1.200344978747798,25.097483914445124,-0.6971717120059502,,Mean Imputation + Domain Expert — ITF (7) + RobustScaler (IQR) + Fungsi Reaksi Kebijakan (Taylor/ITF) + Persistensi
E241,mean,corr_top6,standard,none,RF,1.9647556830194726,38.87911826201074,-3.1817358363789445,2.1666353849300113,46.080490172648354,-4.956813449346736,,Mean Imputation + Top-6 Korelasi Pearson + StandardScaler (Z-Score) + Tanpa Feature Engineering
E241,mean,corr_top6,standard,none,XGBoost,2.2846834062504704,45.745909246899586,-4.654465285628979,2.164319145416251,45.027383129397776,-4.944084005591602,,Mean Imputation + Top-6 Korelasi Pearson + StandardScaler (Z-Score) + Tanpa Feature Engineering
E242,mean,corr_top6,standard,lag,RF,1.9264174734316537,37.773742386580196,-3.4580901023084447,2.1880556925525063,47.41662981750331,-4.639367122899352,,"Mean Imputation + Top-6 Korelasi Pearson + StandardScaler (Z-Score) + Lag Features (t-1, t-3, t-6)"
E242,mean,corr_top6,standard,lag,XGBoost,1.7774420472713137,32.56860306354104,-2.7952371926426816,2.3629922427746717,49.88763168634866,-5.577157111456127,,"Mean Imputation + Top-6 Korelasi Pearson + StandardScaler (Z-Score) + Lag Features (t-1, t-3, t-6)"
E243,mean,corr_top6,standard,rolling,RF,1.0725592275690965,19.06224928140184,-0.30725683972848583,1.4179595208337932,28.589424047246347,-1.47769176659442,,"Mean Imputation + Top-6 Korelasi Pearson + StandardScaler (Z-Score) + Rolling Mean & Std (3, 6)"
E243,mean,corr_top6,standard,rolling,XGBoost,1.0133943600119864,18.51942405086746,-0.1670119990528316,1.4181795922639104,28.592023367876244,-1.4784609161732778,,"Mean Imputation + Top-6 Korelasi Pearson + StandardScaler (Z-Score) + Rolling Mean & Std (3, 6)"
E244,mean,corr_top6,standard,lag_rolling,RF,1.7486434538584963,34.59361027031852,-2.474728596278498,2.0265951608426436,44.25839093546135,-4.061201338668337,,"Mean Imputation + Top-6 Korelasi Pearson + StandardScaler (Z-Score) + Lag (1,3) + Rolling (6)"
E244,mean,corr_top6,standard,lag_rolling,XGBoost,1.3645380100446458,24.339378736748372,-1.1158731671474658,1.9990098545123434,39.71875334422381,-3.9243564491683287,,"Mean Imputation + Top-6 Korelasi Pearson + StandardScaler (Z-Score) + Lag (1,3) + Rolling (6)"
E245,mean,corr_top6,standard,diff,RF,2.122734277122841,41.30342142754787,-4.120467584625037,2.1697295031137753,47.19717055328364,-4.801373147445602,,Mean Imputation + Top-6 Korelasi Pearson + StandardScaler (Z-Score) + First Difference
E245,mean,corr_top6,standard,diff,XGBoost,2.360496511164572,46.30659312608308,-5.331769278309176,2.2320059126691976,46.15059801090427,-5.139178955001378,,Mean Imputation + Top-6 Korelasi Pearson + StandardScaler (Z-Score) + First Difference
E246,mean,corr_top6,standard,interaction,RF,2.4368713349784614,49.06529277688751,-5.432868683265762,2.3793872868404455,51.993045515755895,-6.184103983472458,,Mean Imputation + Top-6 Korelasi Pearson + StandardScaler (Z-Score) + Fitur Interaksi Ekonomi
E246,mean,corr_top6,standard,interaction,XGBoost,2.451394173729309,48.57544822123735,-5.509772127278537,2.5461874489334373,54.95438854783457,-7.22665116246543,,Mean Imputation + Top-6 Korelasi Pearson + StandardScaler (Z-Score) + Fitur Interaksi Ekonomi
E247,mean,corr_top6,standard,calendar,RF,1.9249357420743591,38.12073253273674,-3.0139500188114967,2.1749505814115384,46.38435524364343,-5.002623762081954,,"Mean Imputation + Top-6 Korelasi Pearson + StandardScaler (Z-Score) + Fitur Kalender (Bulan, Kuartal)"
E247,mean,corr_top6,standard,calendar,XGBoost,2.2025425097158373,43.950155483527546,-4.2551859250971855,2.205127420166187,45.04486968727441,-5.170348809377947,,"Mean Imputation + Top-6 Korelasi Pearson + StandardScaler (Z-Score) + Fitur Kalender (Bulan, Kuartal)"
E248,mean,corr_top6,standard,policy_reaction,RF,0.7017019434846375,10.608514818725173,0.408501860619947,0.9887481949305494,19.938713915646847,-0.15155591810954983,,Mean Imputation + Top-6 Korelasi Pearson + StandardScaler (Z-Score) + Fungsi Reaksi Kebijakan (Taylor/ITF) + Persistensi
E248,mean,corr_top6,standard,policy_reaction,XGBoost,1.0486028483421523,19.195043651373012,-0.3209004562985698,1.2480774119964104,26.049894115017192,-0.8348335426775844,,Mean Imputation + Top-6 Korelasi Pearson + StandardScaler (Z-Score) + Fungsi Reaksi Kebijakan (Taylor/ITF) + Persistensi
E249,mean,corr_top6,minmax,none,RF,1.964658143683294,38.87769475154374,-3.181320646219186,2.168342956297621,46.11275825845411,-4.966206531744648,,"Mean Imputation + Top-6 Korelasi Pearson + MinMaxScaler [0, 1] + Tanpa Feature Engineering"
E249,mean,corr_top6,minmax,none,XGBoost,2.2846834062504704,45.745909246899586,-4.654465285628979,2.164319145416251,45.027383129397776,-4.944084005591602,,"Mean Imputation + Top-6 Korelasi Pearson + MinMaxScaler [0, 1] + Tanpa Feature Engineering"
E250,mean,corr_top6,minmax,lag,RF,1.9266533773233596,37.77792876272083,-3.4591820205579555,2.18904195892113,47.43360994867615,-4.6444521595099,,"Mean Imputation + Top-6 Korelasi Pearson + MinMaxScaler [0, 1] + Lag Features (t-1, t-3, t-6)"
E250,mean,corr_top6,minmax,lag,XGBoost,1.7774420472713137,32.56860306354104,-2.7952371926426816,2.3629922427746717,49.88763168634866,-5.577157111456127,,"Mean Imputation + Top-6 Korelasi Pearson + MinMaxScaler [0, 1] + Lag Features (t-1, t-3, t-6)"
E251,mean,corr_top6,minmax,rolling,RF,1.0720455479836803,19.056051352264685,-0.3060049734796719,1.4183045795911682,28.60045502605391,-1.4788977999896131,,"Mean Imputation + Top-6 Korelasi Pearson + MinMaxScaler [0, 1] + Rolling Mean & Std (3, 6)"
E251,mean,corr_top6,minmax,rolling,XGBoost,1.0133943600119864,18.51942405086746,-0.1670119990528316,1.4181795922639104,28.592023367876244,-1.4784609161732778,,"Mean Imputation + Top-6 Korelasi Pearson + MinMaxScaler [0, 1] + Rolling Mean & Std (3, 6)"
E252,mean,corr_top6,minmax,lag_rolling,RF,1.7484930395353693,34.58977452622103,-2.4741308455247117,2.0263942781601396,44.250236721394764,-4.060198023026843,,"Mean Imputation + Top-6 Korelasi Pearson + MinMaxScaler [0, 1] + Lag (1,3) + Rolling (6)"
E252,mean,corr_top6,minmax,lag_rolling,XGBoost,1.3645380100446458,24.339378736748372,-1.1158731671474658,1.9990098545123434,39.71875334422381,-3.9243564491683287,,"Mean Imputation + Top-6 Korelasi Pearson + MinMaxScaler [0, 1] + Lag (1,3) + Rolling (6)"
E253,mean,corr_top6,minmax,diff,RF,2.121020216690707,41.27193616090844,-4.112201597266886,2.1719153455175597,47.22685491551258,-4.8130679462091654,,"Mean Imputation + Top-6 Korelasi Pearson + MinMaxScaler [0, 1] + First Difference"
E253,mean,corr_top6,minmax,diff,XGBoost,2.360496511164572,46.30659312608308,-5.331769278309176,2.2320059126691976,46.15059801090427,-5.139178955001378,,"Mean Imputation + Top-6 Korelasi Pearson + MinMaxScaler [0, 1] + First Difference"
E254,mean,corr_top6,minmax,interaction,RF,2.436999518278803,49.06795875342305,-5.433545459272707,2.3817800317859934,52.04171736544816,-6.198560118213428,,"Mean Imputation + Top-6 Korelasi Pearson + MinMaxScaler [0, 1] + Fitur Interaksi Ekonomi"
E254,mean,corr_top6,minmax,interaction,XGBoost,2.451394173729309,48.57544822123735,-5.509772127278537,2.5461874489334373,54.95438854783457,-7.22665116246543,,"Mean Imputation + Top-6 Korelasi Pearson + MinMaxScaler [0, 1] + Fitur Interaksi Ekonomi"
E255,mean,corr_top6,minmax,calendar,RF,1.9247981506100256,38.121406359384665,-3.013376217296438,2.1763280669382024,46.409476899448606,-5.010229586162689,,"Mean Imputation + Top-6 Korelasi Pearson + MinMaxScaler [0, 1] + Fitur Kalender (Bulan, Kuartal)"
E255,mean,corr_top6,minmax,calendar,XGBoost,2.2025425097158373,43.950155483527546,-4.2551859250971855,2.205127420166187,45.04486968727441,-5.170348809377947,,"Mean Imputation + Top-6 Korelasi Pearson + MinMaxScaler [0, 1] + Fitur Kalender (Bulan, Kuartal)"
E256,mean,corr_top6,minmax,policy_reaction,RF,0.7008329926673452,10.632500221922177,0.40996591398838655,0.9892105105837815,19.963420438045517,-0.1526330513858265,,"Mean Imputation + Top-6 Korelasi Pearson + MinMaxScaler [0, 1] + Fungsi Reaksi Kebijakan (Taylor/ITF) + Persistensi"
E256,mean,corr_top6,minmax,policy_reaction,XGBoost,1.0486028483421523,19.195043651373012,-0.3209004562985698,1.2480774119964104,26.049894115017192,-0.8348335426775844,,"Mean Imputation + Top-6 Korelasi Pearson + MinMaxScaler [0, 1] + Fungsi Reaksi Kebijakan (Taylor/ITF) + Persistensi"
E257,mean,corr_top6,robust,none,RF,1.966871141892105,38.928814340976274,-3.1907456615387435,2.1680905438283467,46.099444996641445,-4.964817584238456,,Mean Imputation + Top-6 Korelasi Pearson + RobustScaler (IQR) + Tanpa Feature Engineering
E257,mean,corr_top6,robust,none,XGBoost,2.2846834062504704,45.745909246899586,-4.654465285628979,2.164319145416251,45.027383129397776,-4.944084005591602,,Mean Imputation + Top-6 Korelasi Pearson + RobustScaler (IQR) + Tanpa Feature Engineering
E258,mean,corr_top6,robust,lag,RF,1.9276220625411542,37.8019919226461,-3.463667134123731,2.1874501092379868,47.40269477010472,-4.636245964649166,,"Mean Imputation + Top-6 Korelasi Pearson + RobustScaler (IQR) + Lag Features (t-1, t-3, t-6)"
E258,mean,corr_top6,robust,lag,XGBoost,1.7774420472713137,32.56860306354104,-2.7952371926426816,2.3629922427746717,49.88763168634866,-5.577157111456127,,"Mean Imputation + Top-6 Korelasi Pearson + RobustScaler (IQR) + Lag Features (t-1, t-3, t-6)"
E259,mean,corr_top6,robust,rolling,RF,1.0719272625666185,19.05088329125146,-0.30571679016353936,1.417820006691177,28.59111900576806,-1.4772042265315557,,"Mean Imputation + Top-6 Korelasi Pearson + RobustScaler (IQR) + Rolling Mean & Std (3, 6)"
E259,mean,corr_top6,robust,rolling,XGBoost,1.0133943600119864,18.51942405086746,-0.1670119990528316,1.4181795922639104,28.592023367876244,-1.4784609161732778,,"Mean Imputation + Top-6 Korelasi Pearson + RobustScaler (IQR) + Rolling Mean & Std (3, 6)"
E260,mean,corr_top6,robust,lag_rolling,RF,1.748653037272741,34.594390364965086,-2.474766682778868,2.0256612102332765,44.23785319655626,-4.056537533115353,,"Mean Imputation + Top-6 Korelasi Pearson + RobustScaler (IQR) + Lag (1,3) + Rolling (6)"
E260,mean,corr_top6,robust,lag_rolling,XGBoost,1.3645380100446458,24.339378736748372,-1.1158731671474658,1.9990098545123434,39.71875334422381,-3.9243564491683287,,"Mean Imputation + Top-6 Korelasi Pearson + RobustScaler (IQR) + Lag (1,3) + Rolling (6)"
E261,mean,corr_top6,robust,diff,RF,2.1232138191816188,41.3150354114328,-4.12278135224993,2.1650978441946744,46.9673313538169,-4.776631535778461,,Mean Imputation + Top-6 Korelasi Pearson + RobustScaler (IQR) + First Difference
E261,mean,corr_top6,robust,diff,XGBoost,2.360496511164572,46.30659312608308,-5.331769278309176,2.2320059126691976,46.15059801090427,-5.139178955001378,,Mean Imputation + Top-6 Korelasi Pearson + RobustScaler (IQR) + First Difference
E262,mean,corr_top6,robust,interaction,RF,2.4372881350499247,49.074369514625566,-5.435069414494395,2.381679273776324,52.037512905886565,-6.197951080234581,,Mean Imputation + Top-6 Korelasi Pearson + RobustScaler (IQR) + Fitur Interaksi Ekonomi
E262,mean,corr_top6,robust,interaction,XGBoost,2.451394173729309,48.57544822123735,-5.509772127278537,2.5461874489334373,54.95438854783457,-7.22665116246543,,Mean Imputation + Top-6 Korelasi Pearson + RobustScaler (IQR) + Fitur Interaksi Ekonomi
E263,mean,corr_top6,robust,calendar,RF,1.927806645738082,38.18139111586789,-3.025931984673706,2.176468371958906,46.410931821206994,-5.011004554405243,,"Mean Imputation + Top-6 Korelasi Pearson + RobustScaler (IQR) + Fitur Kalender (Bulan, Kuartal)"
E263,mean,corr_top6,robust,calendar,XGBoost,2.2025425097158373,43.950155483527546,-4.2551859250971855,2.205127420166187,45.04486968727441,-5.170348809377947,,"Mean Imputation + Top-6 Korelasi Pearson + RobustScaler (IQR) + Fitur Kalender (Bulan, Kuartal)"
E264,mean,corr_top6,robust,policy_reaction,RF,0.6977037610143489,10.29034092633965,0.41522317601082404,0.9889014408518391,19.91882712429257,-0.15191290469949648,,Mean Imputation + Top-6 Korelasi Pearson + RobustScaler (IQR) + Fungsi Reaksi Kebijakan (Taylor/ITF) + Persistensi
E264,mean,corr_top6,robust,policy_reaction,XGBoost,1.0520487818947186,19.270395961740757,-0.3295962445992715,1.2477946444301744,26.04380979161023,-0.8340022278305284,,Mean Imputation + Top-6 Korelasi Pearson + RobustScaler (IQR) + Fungsi Reaksi Kebijakan (Taylor/ITF) + Persistensi
E265,mean,mutual_info,standard,none,RF,0.9247748642076773,17.435947138306467,0.07357232284866311,1.1202613176299134,22.790545858238747,-0.5925057767783635,,Mean Imputation + Mutual Info Top-7 + StandardScaler (Z-Score) + Tanpa Feature Engineering
E265,mean,mutual_info,standard,none,XGBoost,1.1286295619113798,20.842425184132523,-0.37988320977145307,1.0680688287162783,21.965881493242453,-0.4475741433170355,,Mean Imputation + Mutual Info Top-7 + StandardScaler (Z-Score) + Tanpa Feature Engineering
E266,mean,mutual_info,standard,lag,RF,1.0164631589367223,16.872391797726895,-0.24117011237739994,1.6172288414294704,32.56797491792768,-2.080750871815037,,"Mean Imputation + Mutual Info Top-7 + StandardScaler (Z-Score) + Lag Features (t-1, t-3, t-6)"
E266,mean,mutual_info,standard,lag,XGBoost,1.0193778401087126,17.393428171962334,-0.24829836259233562,1.090976952814819,22.84497287204784,-0.4019895498284458,,"Mean Imputation + Mutual Info Top-7 + StandardScaler (Z-Score) + Lag Features (t-1, t-3, t-6)"
E267,mean,mutual_info,standard,rolling,RF,0.9149151954398106,16.54871982983059,0.048782050312088154,1.1665490584951115,24.10899016766979,-0.6769712867429885,,"Mean Imputation + Mutual Info Top-7 + StandardScaler (Z-Score) + Rolling Mean & Std (3, 6)"
E267,mean,mutual_info,standard,rolling,XGBoost,1.1078112830176103,19.504650231507167,-0.3946008443062077,1.0478810216573493,21.378386842775388,-0.35314258289842093,,"Mean Imputation + Mutual Info Top-7 + StandardScaler (Z-Score) + Rolling Mean & Std (3, 6)"
E268,mean,mutual_info,standard,lag_rolling,RF,0.9166257261888342,15.925849999047081,0.04522192022300919,1.3982962693894985,27.892595876629827,-1.4094505057956512,,"Mean Imputation + Mutual Info Top-7 + StandardScaler (Z-Score) + Lag (1,3) + Rolling (6)"
E268,mean,mutual_info,standard,lag_rolling,XGBoost,0.926993077844139,16.401245533005742,0.02350204557456048,1.1365503588780164,23.27745786763553,-0.5918310748988573,,"Mean Imputation + Mutual Info Top-7 + StandardScaler (Z-Score) + Lag (1,3) + Rolling (6)"
E269,mean,mutual_info,standard,diff,RF,0.9225854713930357,16.66042458552967,0.03276594743501193,1.170476823287611,23.755766834526153,-0.6882830057058582,,Mean Imputation + Mutual Info Top-7 + StandardScaler (Z-Score) + First Difference
E269,mean,mutual_info,standard,diff,XGBoost,1.2175578268815195,21.948125425454744,-0.6846029203728927,1.0884204705022416,22.23147066515787,-0.4598660671485617,,Mean Imputation + Mutual Info Top-7 + StandardScaler (Z-Score) + First Difference
E270,mean,mutual_info,standard,interaction,RF,1.059641351746448,19.359463529028755,-0.21634642581561514,1.3789725173419116,27.750488633917254,-1.41297908637425,,Mean Imputation + Mutual Info Top-7 + StandardScaler (Z-Score) + Fitur Interaksi Ekonomi
E270,mean,mutual_info,standard,interaction,XGBoost,1.1617627967630841,21.420580405499326,-0.46209104502941956,1.0526297759566485,21.72613183952119,-0.4060269263386591,,Mean Imputation + Mutual Info Top-7 + StandardScaler (Z-Score) + Fitur Interaksi Ekonomi
E271,mean,mutual_info,standard,calendar,RF,0.9834717144293209,18.543344895704728,-0.047763426494296546,1.1128148781631633,22.772411869776498,-0.5714051895620906,,"Mean Imputation + Mutual Info Top-7 + StandardScaler (Z-Score) + Fitur Kalender (Bulan, Kuartal)"
E271,mean,mutual_info,standard,calendar,XGBoost,1.1853873048696455,21.941947143250403,-0.5221590386417023,1.076497018937724,22.19719491769104,-0.4705100572679488,,"Mean Imputation + Mutual Info Top-7 + StandardScaler (Z-Score) + Fitur Kalender (Bulan, Kuartal)"
E272,mean,mutual_info,standard,policy_reaction,RF,0.7722553466093929,14.136737267822863,0.28357641991718074,0.9120964339361813,19.354140469034846,0.02006980539001857,,Mean Imputation + Mutual Info Top-7 + StandardScaler (Z-Score) + Fungsi Reaksi Kebijakan (Taylor/ITF) + Persistensi
E272,mean,mutual_info,standard,policy_reaction,XGBoost,1.0583631957530966,19.13815203003586,-0.3456046587041164,0.7868122093425909,15.90608534393726,0.2707846445892683,,Mean Imputation + Mutual Info Top-7 + StandardScaler (Z-Score) + Fungsi Reaksi Kebijakan (Taylor/ITF) + Persistensi
E273,mean,mutual_info,minmax,none,RF,0.9248533272948511,17.438096896760573,0.07341510953732489,1.11945056918693,22.775708077888513,-0.590201574432933,,"Mean Imputation + Mutual Info Top-7 + MinMaxScaler [0, 1] + Tanpa Feature Engineering"
E273,mean,mutual_info,minmax,none,XGBoost,1.1286295619113798,20.842425184132523,-0.37988320977145307,1.0680688287162783,21.965881493242453,-0.4475741433170355,,"Mean Imputation + Mutual Info Top-7 + MinMaxScaler [0, 1] + Tanpa Feature Engineering"
E274,mean,mutual_info,minmax,lag,RF,1.0168360888049988,16.879727657000686,-0.2420810245210565,1.6175169910895768,32.576639255190365,-2.0818487948526854,,"Mean Imputation + Mutual Info Top-7 + MinMaxScaler [0, 1] + Lag Features (t-1, t-3, t-6)"
E274,mean,mutual_info,minmax,lag,XGBoost,1.0193778401087126,17.393428171962334,-0.24829836259233562,1.090976952814819,22.84497287204784,-0.4019895498284458,,"Mean Imputation + Mutual Info Top-7 + MinMaxScaler [0, 1] + Lag Features (t-1, t-3, t-6)"
E275,mean,mutual_info,minmax,rolling,RF,0.9149634492284565,16.549759134441324,0.04868171078217787,1.1665112640722952,24.111906685153976,-0.6768626258432353,,"Mean Imputation + Mutual Info Top-7 + MinMaxScaler [0, 1] + Rolling Mean & Std (3, 6)"
E275,mean,mutual_info,minmax,rolling,XGBoost,1.1078112830176103,19.504650231507167,-0.3946008443062077,1.0478810216573493,21.378386842775388,-0.35314258289842093,,"Mean Imputation + Mutual Info Top-7 + MinMaxScaler [0, 1] + Rolling Mean & Std (3, 6)"
E276,mean,mutual_info,minmax,lag_rolling,RF,0.9158964789741304,15.916617734712773,0.04674051667348966,1.3979712485275315,27.875376766763655,-1.4083305276011089,,"Mean Imputation + Mutual Info Top-7 + MinMaxScaler [0, 1] + Lag (1,3) + Rolling (6)"
E276,mean,mutual_info,minmax,lag_rolling,XGBoost,0.926993077844139,16.401245533005742,0.02350204557456048,1.1365503588780164,23.27745786763553,-0.5918310748988573,,"Mean Imputation + Mutual Info Top-7 + MinMaxScaler [0, 1] + Lag (1,3) + Rolling (6)"
E277,mean,mutual_info,minmax,diff,RF,0.9226573936180489,16.663201342363546,0.03261513574569219,1.1708042349441588,23.778708532181568,-0.6892276478132742,,"Mean Imputation + Mutual Info Top-7 + MinMaxScaler [0, 1] + First Difference"
E277,mean,mutual_info,minmax,diff,XGBoost,1.2175578268815195,21.948125425454744,-0.6846029203728927,1.0884204705022416,22.23147066515787,-0.4598660671485617,,"Mean Imputation + Mutual Info Top-7 + MinMaxScaler [0, 1] + First Difference"
E278,mean,mutual_info,minmax,interaction,RF,1.059641351746448,19.359463529028755,-0.2163464258156147,1.3789573798373707,27.749821700477213,-1.4129261102910635,,"Mean Imputation + Mutual Info Top-7 + MinMaxScaler [0, 1] + Fitur Interaksi Ekonomi"
E278,mean,mutual_info,minmax,interaction,XGBoost,1.1617627967630841,21.420580405499326,-0.46209104502941956,1.0526297759566485,21.72613183952119,-0.4060269263386591,,"Mean Imputation + Mutual Info Top-7 + MinMaxScaler [0, 1] + Fitur Interaksi Ekonomi"
E279,mean,mutual_info,minmax,calendar,RF,0.9835570682906669,18.542941422044734,-0.047945301648781635,1.112383358422029,22.7677630713808,-0.5701867283410706,,"Mean Imputation + Mutual Info Top-7 + MinMaxScaler [0, 1] + Fitur Kalender (Bulan, Kuartal)"
E279,mean,mutual_info,minmax,calendar,XGBoost,1.1853873048696455,21.941947143250403,-0.5221590386417023,1.076497018937724,22.19719491769104,-0.4705100572679488,,"Mean Imputation + Mutual Info Top-7 + MinMaxScaler [0, 1] + Fitur Kalender (Bulan, Kuartal)"
E280,mean,mutual_info,minmax,policy_reaction,RF,0.7734914855599782,14.167971075194826,0.281281044741743,0.9120501286213942,19.35832515441108,0.02016930106310466,,"Mean Imputation + Mutual Info Top-7 + MinMaxScaler [0, 1] + Fungsi Reaksi Kebijakan (Taylor/ITF) + Persistensi"
E280,mean,mutual_info,minmax,policy_reaction,XGBoost,1.0583631957530966,19.13815203003586,-0.3456046587041164,0.7868122093425909,15.90608534393726,0.2707846445892683,,"Mean Imputation + Mutual Info Top-7 + MinMaxScaler [0, 1] + Fungsi Reaksi Kebijakan (Taylor/ITF) + Persistensi"
E281,mean,mutual_info,robust,none,RF,0.9248533272948513,17.438096896760573,0.07341510953732477,1.1193805998131598,22.774865518642592,-0.5900027948991768,,Mean Imputation + Mutual Info Top-7 + RobustScaler (IQR) + Tanpa Feature Engineering
E281,mean,mutual_info,robust,none,XGBoost,1.1286295619113798,20.842425184132523,-0.37988320977145307,1.0680688287162783,21.965881493242453,-0.4475741433170355,,Mean Imputation + Mutual Info Top-7 + RobustScaler (IQR) + Tanpa Feature Engineering
E282,mean,mutual_info,robust,lag,RF,1.0166323326615716,16.87244216235374,-0.2415832918272578,1.6173334551534344,32.58114001382715,-2.081149453929086,,"Mean Imputation + Mutual Info Top-7 + RobustScaler (IQR) + Lag Features (t-1, t-3, t-6)"
E282,mean,mutual_info,robust,lag,XGBoost,1.0193778401087126,17.393428171962334,-0.24829836259233562,1.090976952814819,22.84497287204784,-0.4019895498284458,,"Mean Imputation + Mutual Info Top-7 + RobustScaler (IQR) + Lag Features (t-1, t-3, t-6)"
E283,mean,mutual_info,robust,rolling,RF,0.9152290303723911,16.554375266608474,0.04812936332468043,1.1665417895333146,24.107289487397676,-0.6769503878323933,,"Mean Imputation + Mutual Info Top-7 + RobustScaler (IQR) + Rolling Mean & Std (3, 6)"
E283,mean,mutual_info,robust,rolling,XGBoost,1.1078112830176103,19.504650231507167,-0.3946008443062077,1.0478810216573493,21.378386842775388,-0.35314258289842093,,"Mean Imputation + Mutual Info Top-7 + RobustScaler (IQR) + Rolling Mean & Std (3, 6)"
E284,mean,mutual_info,robust,lag_rolling,RF,0.915788129993659,15.913924990948603,0.046966041252551216,1.3978749160934127,27.882873204492185,-1.407998629003473,,"Mean Imputation + Mutual Info Top-7 + RobustScaler (IQR) + Lag (1,3) + Rolling (6)"
E284,mean,mutual_info,robust,lag_rolling,XGBoost,0.926993077844139,16.401245533005742,0.02350204557456048,1.1365503588780164,23.27745786763553,-0.5918310748988573,,"Mean Imputation + Mutual Info Top-7 + RobustScaler (IQR) + Lag (1,3) + Rolling (6)"
E285,mean,mutual_info,robust,diff,RF,0.922656011112846,16.662582913173686,0.032618034792760375,1.1694089831901726,23.685046046210825,-0.6852039290629692,,Mean Imputation + Mutual Info Top-7 + RobustScaler (IQR) + First Difference
E285,mean,mutual_info,robust,diff,XGBoost,1.2175578268815195,21.948125425454744,-0.6846029203728927,1.0884204705022416,22.23147066515787,-0.4598660671485617,,Mean Imputation + Mutual Info Top-7 + RobustScaler (IQR) + First Difference
E286,mean,mutual_info,robust,interaction,RF,1.059641351746448,19.359463529028755,-0.2163464258156147,1.3789466432442985,27.74985425318083,-1.4128885362437678,,Mean Imputation + Mutual Info Top-7 + RobustScaler (IQR) + Fitur Interaksi Ekonomi
E286,mean,mutual_info,robust,interaction,XGBoost,1.1617627967630841,21.420580405499326,-0.46209104502941956,1.0526297759566485,21.72613183952119,-0.4060269263386591,,Mean Imputation + Mutual Info Top-7 + RobustScaler (IQR) + Fitur Interaksi Ekonomi
E287,mean,mutual_info,robust,calendar,RF,0.9835707688783565,18.54190689039281,-0.04797449683624766,1.1123346008692863,22.766646930797947,-0.5700490837353631,,"Mean Imputation + Mutual Info Top-7 + RobustScaler (IQR) + Fitur Kalender (Bulan, Kuartal)"
E287,mean,mutual_info,robust,calendar,XGBoost,1.1853873048696455,21.941947143250403,-0.5221590386417023,1.076497018937724,22.19719491769104,-0.4705100572679488,,"Mean Imputation + Mutual Info Top-7 + RobustScaler (IQR) + Fitur Kalender (Bulan, Kuartal)"
E288,mean,mutual_info,robust,policy_reaction,RF,0.7438444479207756,13.710096387986662,0.3353205135898816,0.9131934441960133,19.409370225096982,0.01771119526174947,,Mean Imputation + Mutual Info Top-7 + RobustScaler (IQR) + Fungsi Reaksi Kebijakan (Taylor/ITF) + Persistensi
E288,mean,mutual_info,robust,policy_reaction,XGBoost,1.0583631957530966,19.13815203003586,-0.3456046587041164,0.7868122093425909,15.90608534393726,0.2707846445892683,,Mean Imputation + Mutual Info Top-7 + RobustScaler (IQR) + Fungsi Reaksi Kebijakan (Taylor/ITF) + Persistensi
E289,knn,all,standard,none,RF,0.9944538252590257,18.15275234323009,-0.0712941482164482,1.207763908328309,24.12299245869786,-0.8510000520490943,,KNN Imputation (k=5) + Semua Fitur (12) + StandardScaler (Z-Score) + Tanpa Feature Engineering
E289,knn,all,standard,none,XGBoost,1.0490340474328645,19.410678595757382,-0.19211637933473513,1.0677384309675346,21.936088852223794,-0.4466786930424762,,KNN Imputation (k=5) + Semua Fitur (12) + StandardScaler (Z-Score) + Tanpa Feature Engineering
E290,knn,all,standard,lag,RF,1.101225467215282,18.622740325343234,-0.4568019595522068,1.544295537026478,30.69859303376074,-1.809146941659757,,"KNN Imputation (k=5) + Semua Fitur (12) + StandardScaler (Z-Score) + Lag Features (t-1, t-3, t-6)"
E290,knn,all,standard,lag,XGBoost,1.0111290300045352,17.016825883151764,-0.22817762981977818,1.1006310632179617,22.56627285564493,-0.42691188690489423,,"KNN Imputation (k=5) + Semua Fitur (12) + StandardScaler (Z-Score) + Lag Features (t-1, t-3, t-6)"
E291,knn,all,standard,rolling,RF,0.9032285564312363,16.662213712923716,0.07292755028479903,1.0967746569301469,22.428451939329392,-0.48236251750831505,,"KNN Imputation (k=5) + Semua Fitur (12) + StandardScaler (Z-Score) + Rolling Mean & Std (3, 6)"
E291,knn,all,standard,rolling,XGBoost,1.065974182156973,19.193478746992557,-0.2912541432018323,1.041477516132519,21.49504969958594,-0.3366552513143297,,"KNN Imputation (k=5) + Semua Fitur (12) + StandardScaler (Z-Score) + Rolling Mean & Std (3, 6)"
E292,knn,all,standard,lag_rolling,RF,0.9601631476880196,16.408514596662524,-0.047631195266059745,1.334570202454549,26.781914464277467,-1.1948379435664394,,"KNN Imputation (k=5) + Semua Fitur (12) + StandardScaler (Z-Score) + Lag (1,3) + Rolling (6)"
E292,knn,all,standard,lag_rolling,XGBoost,1.0466110306118428,18.453642983228015,-0.24476959271396526,1.0977924838818576,22.532326394961547,-0.4851151132300835,,"KNN Imputation (k=5) + Semua Fitur (12) + StandardScaler (Z-Score) + Lag (1,3) + Rolling (6)"
E293,knn,all,standard,diff,RF,0.9431453287735057,16.875613232238383,-0.01082410931108968,1.0694277092493434,21.67209038799958,-0.4093617380483867,,KNN Imputation (k=5) + Semua Fitur (12) + StandardScaler (Z-Score) + First Difference
E293,knn,all,standard,diff,XGBoost,1.050389684190569,19.09302269593579,-0.2537739768127154,1.0540013681824545,21.998260065581874,-0.36899531188672463,,KNN Imputation (k=5) + Semua Fitur (12) + StandardScaler (Z-Score) + First Difference
E294,knn,all,standard,interaction,RF,1.1323266638026666,18.77743059909282,-0.38893830581825517,1.3966958964485796,27.806100105281793,-1.4754037838949747,,KNN Imputation (k=5) + Semua Fitur (12) + StandardScaler (Z-Score) + Fitur Interaksi Ekonomi
E294,knn,all,standard,interaction,XGBoost,1.0824473863991373,19.89365462580083,-0.2692672653457797,0.9991902372380332,20.79117373545129,-0.2668893934547163,,KNN Imputation (k=5) + Semua Fitur (12) + StandardScaler (Z-Score) + Fitur Interaksi Ekonomi
E295,knn,all,standard,calendar,RF,1.0480137804911942,18.196917781967247,-0.1897986557610778,1.2727353183486174,25.385253454148792,-1.0555049547800848,,"KNN Imputation (k=5) + Semua Fitur (12) + StandardScaler (Z-Score) + Fitur Kalender (Bulan, Kuartal)"
E295,knn,all,standard,calendar,XGBoost,1.0991280060457933,20.269585384065152,-0.30868774399371834,1.0484474987277723,21.823479817701262,-0.39487635350203676,,"KNN Imputation (k=5) + Semua Fitur (12) + StandardScaler (Z-Score) + Fitur Kalender (Bulan, Kuartal)"
E296,knn,all,standard,policy_reaction,RF,0.7666532259596842,13.850365532593303,0.2939329268620089,0.9065343156167425,19.0551003067592,0.03198492420234722,,KNN Imputation (k=5) + Semua Fitur (12) + StandardScaler (Z-Score) + Fungsi Reaksi Kebijakan (Taylor/ITF) + Persistensi
E296,knn,all,standard,policy_reaction,XGBoost,1.2029564615710973,22.200554087373433,-0.7383925119539865,0.9486767154102815,19.062203591524572,-0.060107987665245055,,KNN Imputation (k=5) + Semua Fitur (12) + StandardScaler (Z-Score) + Fungsi Reaksi Kebijakan (Taylor/ITF) + Persistensi
E297,knn,all,minmax,none,RF,0.9944502669504739,18.152607415693858,-0.07128648172010155,1.2074682322928474,24.12260915147573,-0.8500938660624373,,"KNN Imputation (k=5) + Semua Fitur (12) + MinMaxScaler [0, 1] + Tanpa Feature Engineering"
E297,knn,all,minmax,none,XGBoost,1.0490340474328645,19.410678595757382,-0.19211637933473513,1.0677384309675346,21.936088852223794,-0.4466786930424762,,"KNN Imputation (k=5) + Semua Fitur (12) + MinMaxScaler [0, 1] + Tanpa Feature Engineering"
E298,knn,all,minmax,lag,RF,1.1016819922796037,18.63163151193772,-0.45801007629743595,1.544681681976119,30.70586196563904,-1.8105519493095334,,"KNN Imputation (k=5) + Semua Fitur (12) + MinMaxScaler [0, 1] + Lag Features (t-1, t-3, t-6)"
E298,knn,all,minmax,lag,XGBoost,1.0111290300045352,17.016825883151764,-0.22817762981977818,1.1006310632179617,22.56627285564493,-0.42691188690489423,,"KNN Imputation (k=5) + Semua Fitur (12) + MinMaxScaler [0, 1] + Lag Features (t-1, t-3, t-6)"
E299,knn,all,minmax,rolling,RF,0.9025830041022967,16.653440362313628,0.0742522646225271,1.0963643038967825,22.425070590858144,-0.4812534872130072,,"KNN Imputation (k=5) + Semua Fitur (12) + MinMaxScaler [0, 1] + Rolling Mean & Std (3, 6)"
E299,knn,all,minmax,rolling,XGBoost,1.065974182156973,19.193478746992557,-0.2912541432018323,1.041477516132519,21.49504969958594,-0.3366552513143297,,"KNN Imputation (k=5) + Semua Fitur (12) + MinMaxScaler [0, 1] + Rolling Mean & Std (3, 6)"
E300,knn,all,minmax,lag_rolling,RF,0.9601708476516971,16.40902603312117,-0.04764799814901921,1.3347298092289785,26.782131818535188,-1.1953629544673205,,"KNN Imputation (k=5) + Semua Fitur (12) + MinMaxScaler [0, 1] + Lag (1,3) + Rolling (6)"
E300,knn,all,minmax,lag_rolling,XGBoost,1.0466110306118428,18.453642983228015,-0.24476959271396526,1.0977924838818576,22.532326394961547,-0.4851151132300835,,"KNN Imputation (k=5) + Semua Fitur (12) + MinMaxScaler [0, 1] + Lag (1,3) + Rolling (6)"
E301,knn,all,minmax,diff,RF,0.9427158656995702,16.87152215136159,-0.009903757422231818,1.0695460646091426,21.68029890154557,-0.4096737081693671,,"KNN Imputation (k=5) + Semua Fitur (12) + MinMaxScaler [0, 1] + First Difference"
E301,knn,all,minmax,diff,XGBoost,1.050389684190569,19.09302269593579,-0.2537739768127154,1.0540013681824545,21.998260065581874,-0.36899531188672463,,"KNN Imputation (k=5) + Semua Fitur (12) + MinMaxScaler [0, 1] + First Difference"
E302,knn,all,minmax,interaction,RF,1.1323270266414298,18.77791369088026,-0.3889391959513837,1.3965680350592895,27.803096721388552,-1.4749505799009186,,"KNN Imputation (k=5) + Semua Fitur (12) + MinMaxScaler [0, 1] + Fitur Interaksi Ekonomi"
E302,knn,all,minmax,interaction,XGBoost,1.0824473863991373,19.89365462580083,-0.2692672653457797,0.9991902372380332,20.79117373545129,-0.2668893934547163,,"KNN Imputation (k=5) + Semua Fitur (12) + MinMaxScaler [0, 1] + Fitur Interaksi Ekonomi"
E303,knn,all,minmax,calendar,RF,1.04794335373942,18.195656183840075,-0.18963875168219158,1.2729260740898292,25.385705394759405,-1.0561211532138128,,"KNN Imputation (k=5) + Semua Fitur (12) + MinMaxScaler [0, 1] + Fitur Kalender (Bulan, Kuartal)"
E303,knn,all,minmax,calendar,XGBoost,1.0991280060457933,20.269585384065152,-0.30868774399371834,1.0484474987277723,21.823479817701262,-0.39487635350203676,,"KNN Imputation (k=5) + Semua Fitur (12) + MinMaxScaler [0, 1] + Fitur Kalender (Bulan, Kuartal)"
E304,knn,all,minmax,policy_reaction,RF,0.7682513107302333,13.901606845961034,0.2909862724333747,0.9064921897688304,19.066598488217583,0.032074887720964895,,"KNN Imputation (k=5) + Semua Fitur (12) + MinMaxScaler [0, 1] + Fungsi Reaksi Kebijakan (Taylor/ITF) + Persistensi"
E304,knn,all,minmax,policy_reaction,XGBoost,1.2029564615710973,22.200554087373433,-0.7383925119539865,0.9486767154102815,19.062203591524572,-0.060107987665245055,,"KNN Imputation (k=5) + Semua Fitur (12) + MinMaxScaler [0, 1] + Fungsi Reaksi Kebijakan (Taylor/ITF) + Persistensi"
E305,knn,all,robust,none,RF,0.9944502669504739,18.152607415693858,-0.07128648172010155,1.2074672073329793,24.122870922850943,-0.8500907251580068,,KNN Imputation (k=5) + Semua Fitur (12) + RobustScaler (IQR) + Tanpa Feature Engineering
E305,knn,all,robust,none,XGBoost,1.0490340474328645,19.410678595757382,-0.19211637933473513,1.0677384309675346,21.936088852223794,-0.4466786930424762,,KNN Imputation (k=5) + Semua Fitur (12) + RobustScaler (IQR) + Tanpa Feature Engineering
E306,knn,all,robust,lag,RF,1.1012323049540795,18.623777080899647,-0.4568200507832969,1.544305897843653,30.697342161112296,-1.8091846354234407,,"KNN Imputation (k=5) + Semua Fitur (12) + RobustScaler (IQR) + Lag Features (t-1, t-3, t-6)"
E306,knn,all,robust,lag,XGBoost,1.0111290300045352,17.016825883151764,-0.22817762981977818,1.1006310632179617,22.56627285564493,-0.42691188690489423,,"KNN Imputation (k=5) + Semua Fitur (12) + RobustScaler (IQR) + Lag Features (t-1, t-3, t-6)"
E307,knn,all,robust,rolling,RF,0.9025830041022967,16.653440362313628,0.0742522646225271,1.0967555252625028,22.429365952277568,-0.48231080256489767,,"KNN Imputation (k=5) + Semua Fitur (12) + RobustScaler (IQR) + Rolling Mean & Std (3, 6)"
E307,knn,all,robust,rolling,XGBoost,1.065974182156973,19.193478746992557,-0.2912541432018323,1.041477516132519,21.49504969958594,-0.3366552513143297,,"KNN Imputation (k=5) + Semua Fitur (12) + RobustScaler (IQR) + Rolling Mean & Std (3, 6)"
E308,knn,all,robust,lag_rolling,RF,0.9601694230324017,16.40722676268836,-0.04764488933052213,1.3345746018603717,26.779925500702618,-1.1948524141409012,,"KNN Imputation (k=5) + Semua Fitur (12) + RobustScaler (IQR) + Lag (1,3) + Rolling (6)"
E308,knn,all,robust,lag_rolling,XGBoost,1.0466110306118428,18.453642983228015,-0.24476959271396526,1.0977924838818576,22.532326394961547,-0.4851151132300835,,"KNN Imputation (k=5) + Semua Fitur (12) + RobustScaler (IQR) + Lag (1,3) + Rolling (6)"
E309,knn,all,robust,diff,RF,0.9426332399202442,16.86874437358381,-0.009726736049738172,1.068626591297161,21.635649248137838,-0.40725099772752316,,KNN Imputation (k=5) + Semua Fitur (12) + RobustScaler (IQR) + First Difference
E309,knn,all,robust,diff,XGBoost,1.050389684190569,19.09302269593579,-0.2537739768127154,1.0540013681824545,21.998260065581874,-0.36899531188672463,,KNN Imputation (k=5) + Semua Fitur (12) + RobustScaler (IQR) + First Difference
E310,knn,all,robust,interaction,RF,1.1323270266414298,18.777913690880265,-0.38893919595138393,1.3965775958754931,27.80336349476457,-1.4749844667263492,,KNN Imputation (k=5) + Semua Fitur (12) + RobustScaler (IQR) + Fitur Interaksi Ekonomi
E310,knn,all,robust,interaction,XGBoost,1.0824473863991373,19.89365462580083,-0.2692672653457797,0.9991902372380332,20.79117373545129,-0.2668893934547163,,KNN Imputation (k=5) + Semua Fitur (12) + RobustScaler (IQR) + Fitur Interaksi Ekonomi
E311,knn,all,robust,calendar,RF,1.047993176814482,18.1952891819208,-0.18975187396041648,1.2729833027331534,25.38575264723346,-1.05630603695782,,"KNN Imputation (k=5) + Semua Fitur (12) + RobustScaler (IQR) + Fitur Kalender (Bulan, Kuartal)"
E311,knn,all,robust,calendar,XGBoost,1.0991280060457933,20.269585384065152,-0.30868774399371834,1.0484474987277723,21.823479817701262,-0.39487635350203676,,"KNN Imputation (k=5) + Semua Fitur (12) + RobustScaler (IQR) + Fitur Kalender (Bulan, Kuartal)"
E312,knn,all,robust,policy_reaction,RF,0.7500202331092665,13.584453811430683,0.32423766333948134,0.9086392702631766,19.152845421209253,0.02748428156340854,,KNN Imputation (k=5) + Semua Fitur (12) + RobustScaler (IQR) + Fungsi Reaksi Kebijakan (Taylor/ITF) + Persistensi
E312,knn,all,robust,policy_reaction,XGBoost,1.2029564615710973,22.200554087373433,-0.7383925119539865,0.9486767154102815,19.062203591524572,-0.060107987665245055,,KNN Imputation (k=5) + Semua Fitur (12) + RobustScaler (IQR) + Fungsi Reaksi Kebijakan (Taylor/ITF) + Persistensi
E313,knn,domain_itf,standard,none,RF,1.408856160104849,26.351893868831112,-1.1501699985000728,1.4433445995573126,30.05575081925344,-1.6435187754530451,,KNN Imputation (k=5) + Domain Expert — ITF (7) + StandardScaler (Z-Score) + Tanpa Feature Engineering
E313,knn,domain_itf,standard,none,XGBoost,1.110150383315944,17.67756676888602,-0.335067161626581,1.6911348799834098,33.59887042826623,-2.629099121196486,,KNN Imputation (k=5) + Domain Expert — ITF (7) + StandardScaler (Z-Score) + Tanpa Feature Engineering
E314,knn,domain_itf,standard,lag,RF,1.5634384326939335,30.41880108148413,-1.9363619744791283,1.7669173474090742,37.22257073714043,-2.6774442160394045,,"KNN Imputation (k=5) + Domain Expert — ITF (7) + StandardScaler (Z-Score) + Lag Features (t-1, t-3, t-6)"
E314,knn,domain_itf,standard,lag,XGBoost,0.9634478398945306,15.275552258634214,-0.11507592370183883,1.8140264890574767,37.045830784144655,-2.8761526612050403,,"KNN Imputation (k=5) + Domain Expert — ITF (7) + StandardScaler (Z-Score) + Lag Features (t-1, t-3, t-6)"
E315,knn,domain_itf,standard,rolling,RF,0.9753151736761968,16.779873832068933,-0.08095674892990568,1.1764459101560272,23.874135095771237,-0.7055464044828881,,"KNN Imputation (k=5) + Domain Expert — ITF (7) + StandardScaler (Z-Score) + Rolling Mean & Std (3, 6)"
E315,knn,domain_itf,standard,rolling,XGBoost,1.0592001442157681,19.091129800362964,-0.274895000490609,1.4627725319628018,29.934384718483177,-1.6367758034854396,,"KNN Imputation (k=5) + Domain Expert — ITF (7) + StandardScaler (Z-Score) + Rolling Mean & Std (3, 6)"
E316,knn,domain_itf,standard,lag_rolling,RF,1.5149521806804709,29.97549316818851,-1.6080517510530359,1.6997701302033754,36.92532094825987,-2.560409884016871,,"KNN Imputation (k=5) + Domain Expert — ITF (7) + StandardScaler (Z-Score) + Lag (1,3) + Rolling (6)"
E316,knn,domain_itf,standard,lag_rolling,XGBoost,1.1199472397927916,19.26142045393007,-0.4253236228488211,1.6684781057092655,33.34727962917584,-2.430525372858952,,"KNN Imputation (k=5) + Domain Expert — ITF (7) + StandardScaler (Z-Score) + Lag (1,3) + Rolling (6)"
E317,knn,domain_itf,standard,diff,RF,1.3935448609700312,24.756253836650473,-1.2067862216959808,1.3971849715568698,28.498549562964982,-1.4056221996439269,,KNN Imputation (k=5) + Domain Expert — ITF (7) + StandardScaler (Z-Score) + First Difference
E317,knn,domain_itf,standard,diff,XGBoost,0.9804374002424746,15.939125555538695,-0.09234064835919176,1.556424272929995,31.393699454737668,-1.9852149089343474,,KNN Imputation (k=5) + Domain Expert — ITF (7) + StandardScaler (Z-Score) + First Difference
E318,knn,domain_itf,standard,interaction,RF,1.6777868037759536,32.667830639543666,-2.049390449749199,1.729607182470139,36.139329144954495,-2.796096956898278,,KNN Imputation (k=5) + Domain Expert — ITF (7) + StandardScaler (Z-Score) + Fitur Interaksi Ekonomi
E318,knn,domain_itf,standard,interaction,XGBoost,1.1966444227562207,20.22407464186413,-0.5512069053633781,1.679690142218463,33.21304236143198,-2.5801455486566574,,KNN Imputation (k=5) + Domain Expert — ITF (7) + StandardScaler (Z-Score) + Fitur Interaksi Ekonomi
E319,knn,domain_itf,standard,calendar,RF,1.3807547589731735,25.37086456246889,-1.0652497813698751,1.4070043053864154,28.65338069945545,-1.5120783975781507,,"KNN Imputation (k=5) + Domain Expert — ITF (7) + StandardScaler (Z-Score) + Fitur Kalender (Bulan, Kuartal)"
E319,knn,domain_itf,standard,calendar,XGBoost,1.1274773288309885,18.573899509542183,-0.3770671653653195,1.6743679327772782,33.11647617226904,-2.557493636163132,,"KNN Imputation (k=5) + Domain Expert — ITF (7) + StandardScaler (Z-Score) + Fitur Kalender (Bulan, Kuartal)"
E320,knn,domain_itf,standard,policy_reaction,RF,0.7413966075098376,13.064453194515426,0.3396879648785064,0.886772513368084,18.339646595141733,0.07372899282632783,,KNN Imputation (k=5) + Domain Expert — ITF (7) + StandardScaler (Z-Score) + Fungsi Reaksi Kebijakan (Taylor/ITF) + Persistensi
E320,knn,domain_itf,standard,policy_reaction,XGBoost,1.1835596118076779,22.072113357368725,-0.6827837034492488,1.1705615187927088,24.418359646643605,-0.6139947220946762,,KNN Imputation (k=5) + Domain Expert — ITF (7) + StandardScaler (Z-Score) + Fungsi Reaksi Kebijakan (Taylor/ITF) + Persistensi
E321,knn,domain_itf,minmax,none,RF,1.407886695138876,26.326202236368314,-1.1472118579272212,1.4430895828206132,30.043466436901472,-1.6425847199592716,,"KNN Imputation (k=5) + Domain Expert — ITF (7) + MinMaxScaler [0, 1] + Tanpa Feature Engineering"
E321,knn,domain_itf,minmax,none,XGBoost,1.110150383315944,17.67756676888602,-0.335067161626581,1.6911348799834098,33.59887042826623,-2.629099121196486,,"KNN Imputation (k=5) + Domain Expert — ITF (7) + MinMaxScaler [0, 1] + Tanpa Feature Engineering"
E322,knn,domain_itf,minmax,lag,RF,1.5635066566837847,30.41798997543416,-1.9366182489780526,1.7673314507533215,37.230390402043426,-2.6791681454588545,,"KNN Imputation (k=5) + Domain Expert — ITF (7) + MinMaxScaler [0, 1] + Lag Features (t-1, t-3, t-6)"
E322,knn,domain_itf,minmax,lag,XGBoost,0.9634478398945306,15.275552258634214,-0.11507592370183883,1.8140264890574767,37.045830784144655,-2.8761526612050403,,"KNN Imputation (k=5) + Domain Expert — ITF (7) + MinMaxScaler [0, 1] + Lag Features (t-1, t-3, t-6)"
E323,knn,domain_itf,minmax,rolling,RF,0.9753712613856518,16.78337654628593,-0.08108107824004107,1.1765223752771907,23.878340361837566,-0.7057681215199572,,"KNN Imputation (k=5) + Domain Expert — ITF (7) + MinMaxScaler [0, 1] + Rolling Mean & Std (3, 6)"
E323,knn,domain_itf,minmax,rolling,XGBoost,1.0592001442157681,19.091129800362964,-0.274895000490609,1.4627725319628018,29.934384718483177,-1.6367758034854396,,"KNN Imputation (k=5) + Domain Expert — ITF (7) + MinMaxScaler [0, 1] + Rolling Mean & Std (3, 6)"
E324,knn,domain_itf,minmax,lag_rolling,RF,1.515233833318081,29.980349133725483,-1.6090215941245778,1.6991173792604002,36.907741015854015,-2.5576758500185326,,"KNN Imputation (k=5) + Domain Expert — ITF (7) + MinMaxScaler [0, 1] + Lag (1,3) + Rolling (6)"
E324,knn,domain_itf,minmax,lag_rolling,XGBoost,1.1199472397927916,19.26142045393007,-0.4253236228488211,1.6684781057092655,33.34727962917584,-2.430525372858952,,"KNN Imputation (k=5) + Domain Expert — ITF (7) + MinMaxScaler [0, 1] + Lag (1,3) + Rolling (6)"
E325,knn,domain_itf,minmax,diff,RF,1.3931661631482284,24.757672419956815,-1.2055869900003153,1.3973025895643003,28.495908408643867,-1.4060272374949592,,"KNN Imputation (k=5) + Domain Expert — ITF (7) + MinMaxScaler [0, 1] + First Difference"
E325,knn,domain_itf,minmax,diff,XGBoost,0.9804374002424746,15.939125555538695,-0.09234064835919176,1.556424272929995,31.393699454737668,-1.9852149089343474,,"KNN Imputation (k=5) + Domain Expert — ITF (7) + MinMaxScaler [0, 1] + First Difference"
E326,knn,domain_itf,minmax,interaction,RF,1.6777868037759536,32.66783063954366,-2.049390449749199,1.7297073584580644,36.14460307992531,-2.796536696949432,,"KNN Imputation (k=5) + Domain Expert — ITF (7) + MinMaxScaler [0, 1] + Fitur Interaksi Ekonomi"
E326,knn,domain_itf,minmax,interaction,XGBoost,1.1966444227562207,20.22407464186413,-0.5512069053633781,1.679690142218463,33.21304236143198,-2.5801455486566574,,"KNN Imputation (k=5) + Domain Expert — ITF (7) + MinMaxScaler [0, 1] + Fitur Interaksi Ekonomi"
E327,knn,domain_itf,minmax,calendar,RF,1.3810395914038633,25.38548198961162,-1.0661019396343394,1.4069359741406575,28.649971308611466,-1.511834405036676,,"KNN Imputation (k=5) + Domain Expert — ITF (7) + MinMaxScaler [0, 1] + Fitur Kalender (Bulan, Kuartal)"
E327,knn,domain_itf,minmax,calendar,XGBoost,1.1274773288309885,18.573899509542183,-0.3770671653653195,1.6743679327772782,33.11647617226904,-2.557493636163132,,"KNN Imputation (k=5) + Domain Expert — ITF (7) + MinMaxScaler [0, 1] + Fitur Kalender (Bulan, Kuartal)"
E328,knn,domain_itf,minmax,policy_reaction,RF,0.7426592510537526,13.099389956418396,0.33743694653404477,0.8869842606993497,18.347246422519525,0.07328658211136574,,"KNN Imputation (k=5) + Domain Expert — ITF (7) + MinMaxScaler [0, 1] + Fungsi Reaksi Kebijakan (Taylor/ITF) + Persistensi"
E328,knn,domain_itf,minmax,policy_reaction,XGBoost,1.1835596118076779,22.072113357368725,-0.6827837034492488,1.1705615187927088,24.418359646643605,-0.6139947220946762,,"KNN Imputation (k=5) + Domain Expert — ITF (7) + MinMaxScaler [0, 1] + Fungsi Reaksi Kebijakan (Taylor/ITF) + Persistensi"
E329,knn,domain_itf,robust,none,RF,1.407988897771056,26.328106998273075,-1.1475236140788652,1.4431502732973789,30.046323135136323,-1.6428069973575927,,KNN Imputation (k=5) + Domain Expert — ITF (7) + RobustScaler (IQR) + Tanpa Feature Engineering
E329,knn,domain_itf,robust,none,XGBoost,1.110150383315944,17.67756676888602,-0.335067161626581,1.6911348799834098,33.59887042826623,-2.629099121196486,,KNN Imputation (k=5) + Domain Expert — ITF (7) + RobustScaler (IQR) + Tanpa Feature Engineering
E330,knn,domain_itf,robust,lag,RF,1.5639782776314117,30.430810283866776,-1.9383901372637644,1.7670402718505709,37.220433024030505,-2.6779559134332143,,"KNN Imputation (k=5) + Domain Expert — ITF (7) + RobustScaler (IQR) + Lag Features (t-1, t-3, t-6)"
E330,knn,domain_itf,robust,lag,XGBoost,0.9634478398945306,15.275552258634214,-0.11507592370183883,1.8140264890574767,37.045830784144655,-2.8761526612050403,,"KNN Imputation (k=5) + Domain Expert — ITF (7) + RobustScaler (IQR) + Lag Features (t-1, t-3, t-6)"
E331,knn,domain_itf,robust,rolling,RF,0.9753559257372063,16.782944504782463,-0.08104708308419051,1.1766108980634522,23.88202575203374,-0.7060248187671685,,"KNN Imputation (k=5) + Domain Expert — ITF (7) + RobustScaler (IQR) + Rolling Mean & Std (3, 6)"
E331,knn,domain_itf,robust,rolling,XGBoost,1.0592001442157681,19.091129800362964,-0.274895000490609,1.4627725319628018,29.934384718483177,-1.6367758034854396,,"KNN Imputation (k=5) + Domain Expert — ITF (7) + RobustScaler (IQR) + Rolling Mean & Std (3, 6)"
E332,knn,domain_itf,robust,lag_rolling,RF,1.5147909154327575,29.972638454874613,-1.6074965312494802,1.6993811652781632,36.91628272017403,-2.558780585929354,,"KNN Imputation (k=5) + Domain Expert — ITF (7) + RobustScaler (IQR) + Lag (1,3) + Rolling (6)"
E332,knn,domain_itf,robust,lag_rolling,XGBoost,1.1199472397927916,19.26142045393007,-0.4253236228488211,1.6684781057092655,33.34727962917584,-2.430525372858952,,"KNN Imputation (k=5) + Domain Expert — ITF (7) + RobustScaler (IQR) + Lag (1,3) + Rolling (6)"
E333,knn,domain_itf,robust,diff,RF,1.3922728287711417,24.74633455147609,-1.2027593373920777,1.395225749888892,28.393168129853436,-1.3988802968937724,,KNN Imputation (k=5) + Domain Expert — ITF (7) + RobustScaler (IQR) + First Difference
E333,knn,domain_itf,robust,diff,XGBoost,0.9804374002424746,15.939125555538695,-0.09234064835919176,1.556424272929995,31.393699454737668,-1.9852149089343474,,KNN Imputation (k=5) + Domain Expert — ITF (7) + RobustScaler (IQR) + First Difference
E334,knn,domain_itf,robust,interaction,RF,1.6777936163075975,32.667854031356526,-2.049415213457035,1.729657611721477,36.1402402236717,-2.7963183217495096,,KNN Imputation (k=5) + Domain Expert — ITF (7) + RobustScaler (IQR) + Fitur Interaksi Ekonomi
E334,knn,domain_itf,robust,interaction,XGBoost,1.1966444227562207,20.22407464186413,-0.5512069053633781,1.679690142218463,33.21304236143198,-2.5801455486566574,,KNN Imputation (k=5) + Domain Expert — ITF (7) + RobustScaler (IQR) + Fitur Interaksi Ekonomi
E335,knn,domain_itf,robust,calendar,RF,1.3806663370419294,25.36797900618688,-1.0649852774443094,1.4068368743951967,28.652764534797363,-1.5114805674944676,,"KNN Imputation (k=5) + Domain Expert — ITF (7) + RobustScaler (IQR) + Fitur Kalender (Bulan, Kuartal)"
E335,knn,domain_itf,robust,calendar,XGBoost,1.1274773288309885,18.573899509542183,-0.3770671653653195,1.6743679327772782,33.11647617226904,-2.557493636163132,,"KNN Imputation (k=5) + Domain Expert — ITF (7) + RobustScaler (IQR) + Fitur Kalender (Bulan, Kuartal)"
E336,knn,domain_itf,robust,policy_reaction,RF,0.7230044301671404,12.616815346177612,0.372042949512598,0.8887089892451474,18.422792596539903,0.06967911550610273,,KNN Imputation (k=5) + Domain Expert — ITF (7) + RobustScaler (IQR) + Fungsi Reaksi Kebijakan (Taylor/ITF) + Persistensi
E336,knn,domain_itf,robust,policy_reaction,XGBoost,1.1835596118076779,22.072113357368725,-0.6827837034492488,1.1705615187927088,24.418359646643605,-0.6139947220946762,,KNN Imputation (k=5) + Domain Expert — ITF (7) + RobustScaler (IQR) + Fungsi Reaksi Kebijakan (Taylor/ITF) + Persistensi
E337,knn,corr_top6,standard,none,RF,2.0740945368437838,41.354277290360756,-3.660114445784947,2.109220929122694,45.44309498107042,-4.6452929060003605,,KNN Imputation (k=5) + Top-6 Korelasi Pearson + StandardScaler (Z-Score) + Tanpa Feature Engineering
E337,knn,corr_top6,standard,none,XGBoost,2.232197634075262,44.419528290713714,-4.397650673062906,2.3034629031021585,47.037387319403386,-5.732940567704957,,KNN Imputation (k=5) + Top-6 Korelasi Pearson + StandardScaler (Z-Score) + Tanpa Feature Engineering
E338,knn,corr_top6,standard,lag,RF,1.9895730569841428,39.07896216590994,-3.755189252347342,2.1751808826624393,47.39808468929187,-4.5731968066357584,,"KNN Imputation (k=5) + Top-6 Korelasi Pearson + StandardScaler (Z-Score) + Lag Features (t-1, t-3, t-6)"
E338,knn,corr_top6,standard,lag,XGBoost,1.7974981315938106,33.16995430205841,-2.881368878925296,2.355568984466706,49.74609412896472,-5.535898197494782,,"KNN Imputation (k=5) + Top-6 Korelasi Pearson + StandardScaler (Z-Score) + Lag Features (t-1, t-3, t-6)"
E339,knn,corr_top6,standard,rolling,RF,1.127483838598471,19.802552011018754,-0.4445713801943243,1.3907372073261148,28.03684749075247,-1.3834703799827133,,"KNN Imputation (k=5) + Top-6 Korelasi Pearson + StandardScaler (Z-Score) + Rolling Mean & Std (3, 6)"
E339,knn,corr_top6,standard,rolling,XGBoost,0.9994428361199694,18.300647414067733,-0.13510039372624427,1.4431796792802989,29.079663708575197,-1.5666131908061307,,"KNN Imputation (k=5) + Top-6 Korelasi Pearson + StandardScaler (Z-Score) + Rolling Mean & Std (3, 6)"
E340,knn,corr_top6,standard,lag_rolling,RF,1.773208157513257,35.1358358519832,-2.573039330230901,2.005990850578047,43.867998971942775,-3.958810445391369,,"KNN Imputation (k=5) + Top-6 Korelasi Pearson + StandardScaler (Z-Score) + Lag (1,3) + Rolling (6)"
E340,knn,corr_top6,standard,lag_rolling,XGBoost,1.4090892080726698,25.508586272332124,-1.2562921533610742,2.049371218341561,40.7810888239855,-4.175602057997473,,"KNN Imputation (k=5) + Top-6 Korelasi Pearson + StandardScaler (Z-Score) + Lag (1,3) + Rolling (6)"
E341,knn,corr_top6,standard,diff,RF,2.2853078437436185,44.745235688924986,-4.934823067887751,2.1668621840353555,47.769210275044124,-4.786050134481571,,KNN Imputation (k=5) + Top-6 Korelasi Pearson + StandardScaler (Z-Score) + First Difference
E341,knn,corr_top6,standard,diff,XGBoost,2.308391282596997,45.368909798770964,-5.05532150405543,2.200338176010189,45.83910055732853,-4.966209226266832,,KNN Imputation (k=5) + Top-6 Korelasi Pearson + StandardScaler (Z-Score) + First Difference
E342,knn,corr_top6,standard,interaction,RF,2.4151338452122895,48.41347626161042,-5.318615019948434,2.3827501848713597,51.587671344883134,-6.204425586498939,,KNN Imputation (k=5) + Top-6 Korelasi Pearson + StandardScaler (Z-Score) + Fitur Interaksi Ekonomi
E342,knn,corr_top6,standard,interaction,XGBoost,2.3541296632825306,46.3123119842615,-5.003440998290286,2.5390005543100926,54.04900612160605,-7.180275446550036,,KNN Imputation (k=5) + Top-6 Korelasi Pearson + StandardScaler (Z-Score) + Fitur Interaksi Ekonomi
E343,knn,corr_top6,standard,calendar,RF,2.0542963890486745,40.90847009656196,-3.5715733557843423,2.129178541684284,46.24831225746185,-4.752630735785176,,"KNN Imputation (k=5) + Top-6 Korelasi Pearson + StandardScaler (Z-Score) + Fitur Kalender (Bulan, Kuartal)"
E343,knn,corr_top6,standard,calendar,XGBoost,2.3848229617495966,47.70528223261755,-5.161008052959367,2.3437220670108805,48.72830939473848,-5.970349495341166,,"KNN Imputation (k=5) + Top-6 Korelasi Pearson + StandardScaler (Z-Score) + Fitur Kalender (Bulan, Kuartal)"
E344,knn,corr_top6,standard,policy_reaction,RF,0.7400602837803706,11.358966988407248,0.3420661667852022,0.9427427375357289,19.0102528357311,-0.046887502342706444,,KNN Imputation (k=5) + Top-6 Korelasi Pearson + StandardScaler (Z-Score) + Fungsi Reaksi Kebijakan (Taylor/ITF) + Persistensi
E344,knn,corr_top6,standard,policy_reaction,XGBoost,1.0563131148645717,19.338297830697947,-0.34039675528884294,1.2579939018923163,26.167468206945504,-0.8641063937549993,,KNN Imputation (k=5) + Top-6 Korelasi Pearson + StandardScaler (Z-Score) + Fungsi Reaksi Kebijakan (Taylor/ITF) + Persistensi
E345,knn,corr_top6,minmax,none,RF,2.0718554367280393,41.29982782409989,-3.6500581727279977,2.1096339361117096,45.44906387397611,-4.647503934407314,,"KNN Imputation (k=5) + Top-6 Korelasi Pearson + MinMaxScaler [0, 1] + Tanpa Feature Engineering"
E345,knn,corr_top6,minmax,none,XGBoost,2.232197634075262,44.419528290713714,-4.397650673062906,2.3034629031021585,47.037387319403386,-5.732940567704957,,"KNN Imputation (k=5) + Top-6 Korelasi Pearson + MinMaxScaler [0, 1] + Tanpa Feature Engineering"
E346,knn,corr_top6,minmax,lag,RF,1.989913041939022,39.0851090056845,-3.756814556761962,2.175880528538567,47.408855605297155,-4.576782615330481,,"KNN Imputation (k=5) + Top-6 Korelasi Pearson + MinMaxScaler [0, 1] + Lag Features (t-1, t-3, t-6)"
E346,knn,corr_top6,minmax,lag,XGBoost,1.7974981315938106,33.16995430205841,-2.881368878925296,2.355568984466706,49.74609412896472,-5.535898197494782,,"KNN Imputation (k=5) + Top-6 Korelasi Pearson + MinMaxScaler [0, 1] + Lag Features (t-1, t-3, t-6)"
E347,knn,corr_top6,minmax,rolling,RF,1.1271134514367371,19.80079872798774,-0.4436224303451606,1.391035526098182,28.04960379737232,-1.3844930177795636,,"KNN Imputation (k=5) + Top-6 Korelasi Pearson + MinMaxScaler [0, 1] + Rolling Mean & Std (3, 6)"
E347,knn,corr_top6,minmax,rolling,XGBoost,0.9994428361199694,18.300647414067733,-0.13510039372624427,1.4431796792802989,29.079663708575197,-1.5666131908061307,,"KNN Imputation (k=5) + Top-6 Korelasi Pearson + MinMaxScaler [0, 1] + Rolling Mean & Std (3, 6)"
E348,knn,corr_top6,minmax,lag_rolling,RF,1.7732911648139575,35.136977737308754,-2.573373859813093,2.005924825909928,43.86405596616903,-3.9584840247341813,,"KNN Imputation (k=5) + Top-6 Korelasi Pearson + MinMaxScaler [0, 1] + Lag (1,3) + Rolling (6)"
E348,knn,corr_top6,minmax,lag_rolling,XGBoost,1.4090892080726698,25.508586272332124,-1.2562921533610742,2.049371218341561,40.7810888239855,-4.175602057997473,,"KNN Imputation (k=5) + Top-6 Korelasi Pearson + MinMaxScaler [0, 1] + Lag (1,3) + Rolling (6)"
E349,knn,corr_top6,minmax,diff,RF,2.28383058869934,44.72150463726202,-4.927152842012394,2.1691640475426195,47.82776990988833,-4.79834973710333,,"KNN Imputation (k=5) + Top-6 Korelasi Pearson + MinMaxScaler [0, 1] + First Difference"
E349,knn,corr_top6,minmax,diff,XGBoost,2.308391282596997,45.368909798770964,-5.05532150405543,2.200338176010189,45.83910055732853,-4.966209226266832,,"KNN Imputation (k=5) + Top-6 Korelasi Pearson + MinMaxScaler [0, 1] + First Difference"
E350,knn,corr_top6,minmax,interaction,RF,2.415308186649212,48.417156730899585,-5.319527297489185,2.383512960146015,51.604798930044204,-6.209038942391666,,"KNN Imputation (k=5) + Top-6 Korelasi Pearson + MinMaxScaler [0, 1] + Fitur Interaksi Ekonomi"
E350,knn,corr_top6,minmax,interaction,XGBoost,2.3541296632825306,46.3123119842615,-5.003440998290286,2.5390005543100926,54.04900612160605,-7.180275446550036,,"KNN Imputation (k=5) + Top-6 Korelasi Pearson + MinMaxScaler [0, 1] + Fitur Interaksi Ekonomi"
E351,knn,corr_top6,minmax,calendar,RF,2.054552897307467,40.9188529325196,-3.572715079576989,2.129565230063513,46.26014726092808,-4.7547204407204635,,"KNN Imputation (k=5) + Top-6 Korelasi Pearson + MinMaxScaler [0, 1] + Fitur Kalender (Bulan, Kuartal)"
E351,knn,corr_top6,minmax,calendar,XGBoost,2.3848229617495966,47.70528223261755,-5.161008052959367,2.3437220670108805,48.72830939473848,-5.970349495341166,,"KNN Imputation (k=5) + Top-6 Korelasi Pearson + MinMaxScaler [0, 1] + Fitur Kalender (Bulan, Kuartal)"
E352,knn,corr_top6,minmax,policy_reaction,RF,0.739103677263152,11.34465745899683,0.34376596620381183,0.942910580819165,19.029769992261734,-0.04726030537902548,,"KNN Imputation (k=5) + Top-6 Korelasi Pearson + MinMaxScaler [0, 1] + Fungsi Reaksi Kebijakan (Taylor/ITF) + Persistensi"
E352,knn,corr_top6,minmax,policy_reaction,XGBoost,1.0563131148645717,19.338297830697947,-0.34039675528884294,1.2579939018923163,26.167468206945504,-0.8641063937549993,,"KNN Imputation (k=5) + Top-6 Korelasi Pearson + MinMaxScaler [0, 1] + Fungsi Reaksi Kebijakan (Taylor/ITF) + Persistensi"
E353,knn,corr_top6,robust,none,RF,2.0716230394707487,41.29461630637906,-3.6490150496043583,2.1096199077600044,45.447715001093606,-4.647428826677312,,KNN Imputation (k=5) + Top-6 Korelasi Pearson + RobustScaler (IQR) + Tanpa Feature Engineering
E353,knn,corr_top6,robust,none,XGBoost,2.232197634075262,44.419528290713714,-4.397650673062906,2.3034629031021585,47.037387319403386,-5.732940567704957,,KNN Imputation (k=5) + Top-6 Korelasi Pearson + RobustScaler (IQR) + Tanpa Feature Engineering
E354,knn,corr_top6,robust,lag,RF,1.990417282977789,39.09991330678295,-3.7592256018289856,2.1737918281486794,47.36668509897734,-4.566081074406059,,"KNN Imputation (k=5) + Top-6 Korelasi Pearson + RobustScaler (IQR) + Lag Features (t-1, t-3, t-6)"
E354,knn,corr_top6,robust,lag,XGBoost,1.7974981315938106,33.16995430205841,-2.881368878925296,2.355568984466706,49.74609412896472,-5.535898197494782,,"KNN Imputation (k=5) + Top-6 Korelasi Pearson + RobustScaler (IQR) + Lag Features (t-1, t-3, t-6)"
E355,knn,corr_top6,robust,rolling,RF,1.1267308092053718,19.78704283978643,-0.4426424098475459,1.3907544722408998,28.03857281856475,-1.3835295581915243,,"KNN Imputation (k=5) + Top-6 Korelasi Pearson + RobustScaler (IQR) + Rolling Mean & Std (3, 6)"
E355,knn,corr_top6,robust,rolling,XGBoost,0.9994428361199694,18.300647414067733,-0.13510039372624427,1.4431796792802989,29.079663708575197,-1.5666131908061307,,"KNN Imputation (k=5) + Top-6 Korelasi Pearson + RobustScaler (IQR) + Rolling Mean & Std (3, 6)"
E356,knn,corr_top6,robust,lag_rolling,RF,1.7733307101932219,35.13901579545817,-2.5735332380392903,2.0051578648058586,43.84829267672627,-3.9546930179074806,,"KNN Imputation (k=5) + Top-6 Korelasi Pearson + RobustScaler (IQR) + Lag (1,3) + Rolling (6)"
E356,knn,corr_top6,robust,lag_rolling,XGBoost,1.4090892080726698,25.508586272332124,-1.2562921533610742,2.049371218341561,40.7810888239855,-4.175602057997473,,"KNN Imputation (k=5) + Top-6 Korelasi Pearson + RobustScaler (IQR) + Lag (1,3) + Rolling (6)"
E357,knn,corr_top6,robust,diff,RF,2.2854590688543817,44.7442519839941,-4.935608541033604,2.1615320078211755,47.53104842300172,-4.757619406236428,,KNN Imputation (k=5) + Top-6 Korelasi Pearson + RobustScaler (IQR) + First Difference
E357,knn,corr_top6,robust,diff,XGBoost,2.308391282596997,45.368909798770964,-5.05532150405543,2.200338176010189,45.83910055732853,-4.966209226266832,,KNN Imputation (k=5) + Top-6 Korelasi Pearson + RobustScaler (IQR) + First Difference
E358,knn,corr_top6,robust,interaction,RF,2.415301839391313,48.417017842010694,-5.319494082997491,2.383450949315133,51.601197489467985,-6.208663838344027,,KNN Imputation (k=5) + Top-6 Korelasi Pearson + RobustScaler (IQR) + Fitur Interaksi Ekonomi
E358,knn,corr_top6,robust,interaction,XGBoost,2.3541296632825306,46.3123119842615,-5.003440998290286,2.5390005543100926,54.04900612160605,-7.180275446550036,,KNN Imputation (k=5) + Top-6 Korelasi Pearson + RobustScaler (IQR) + Fitur Interaksi Ekonomi
E359,knn,corr_top6,robust,calendar,RF,2.0530286050881963,40.88062956507651,-3.5659325154344037,2.129488441480912,46.2558467747062,-4.754305436894672,,"KNN Imputation (k=5) + Top-6 Korelasi Pearson + RobustScaler (IQR) + Fitur Kalender (Bulan, Kuartal)"
E359,knn,corr_top6,robust,calendar,XGBoost,2.3848229617495966,47.70528223261755,-5.161008052959367,2.3437220670108805,48.72830939473848,-5.970349495341166,,"KNN Imputation (k=5) + Top-6 Korelasi Pearson + RobustScaler (IQR) + Fitur Kalender (Bulan, Kuartal)"
E360,knn,corr_top6,robust,policy_reaction,RF,0.7358844380243343,11.019418972884285,0.3494701012336411,0.9423978968825354,18.984027526685523,-0.04612177203273715,,KNN Imputation (k=5) + Top-6 Korelasi Pearson + RobustScaler (IQR) + Fungsi Reaksi Kebijakan (Taylor/ITF) + Persistensi
E360,knn,corr_top6,robust,policy_reaction,XGBoost,1.0563131148645717,19.338297830697947,-0.34039675528884294,1.2579939018923163,26.167468206945504,-0.8641063937549993,,KNN Imputation (k=5) + Top-6 Korelasi Pearson + RobustScaler (IQR) + Fungsi Reaksi Kebijakan (Taylor/ITF) + Persistensi
E361,knn,mutual_info,standard,none,RF,0.9247748642076772,17.435947138306464,0.07357232284866322,1.1202613176299134,22.790545858238747,-0.5925057767783637,,KNN Imputation (k=5) + Mutual Info Top-7 + StandardScaler (Z-Score) + Tanpa Feature Engineering
E361,knn,mutual_info,standard,none,XGBoost,1.1286295619113798,20.842425184132523,-0.37988320977145307,1.0680688287162783,21.965881493242453,-0.4475741433170355,,KNN Imputation (k=5) + Mutual Info Top-7 + StandardScaler (Z-Score) + Tanpa Feature Engineering
E362,knn,mutual_info,standard,lag,RF,1.0060518690003701,16.594393753457442,-0.21587455098328,1.5556953285539985,31.142856361137085,-1.850773542421281,,"KNN Imputation (k=5) + Mutual Info Top-7 + StandardScaler (Z-Score) + Lag Features (t-1, t-3, t-6)"
E362,knn,mutual_info,standard,lag,XGBoost,1.0673913957179493,17.90615736042008,-0.36865950969092975,1.072744713808966,22.070120882127362,-0.3555214382391134,,"KNN Imputation (k=5) + Mutual Info Top-7 + StandardScaler (Z-Score) + Lag Features (t-1, t-3, t-6)"
E363,knn,mutual_info,standard,rolling,RF,0.9149151954398106,16.54871982983059,0.048782050312088154,1.1665490584951115,24.108990167669788,-0.6769712867429885,,"KNN Imputation (k=5) + Mutual Info Top-7 + StandardScaler (Z-Score) + Rolling Mean & Std (3, 6)"
E363,knn,mutual_info,standard,rolling,XGBoost,1.1078112830176103,19.504650231507167,-0.3946008443062077,1.0478810216573493,21.378386842775388,-0.35314258289842093,,"KNN Imputation (k=5) + Mutual Info Top-7 + StandardScaler (Z-Score) + Rolling Mean & Std (3, 6)"
E364,knn,mutual_info,standard,lag_rolling,RF,0.881252037485601,15.292559554708227,0.11749205526705175,1.317794809794728,26.20743043449208,-1.1400070155351711,,"KNN Imputation (k=5) + Mutual Info Top-7 + StandardScaler (Z-Score) + Lag (1,3) + Rolling (6)"
E364,knn,mutual_info,standard,lag_rolling,XGBoost,1.045512080014564,18.304408931069414,-0.24215692750625029,1.1517228942947382,23.721704786628294,-0.6346154955835501,,"KNN Imputation (k=5) + Mutual Info Top-7 + StandardScaler (Z-Score) + Lag (1,3) + Rolling (6)"
E365,knn,mutual_info,standard,diff,RF,0.9225854713930358,16.66042458552967,0.03276594743501171,1.1704768232876113,23.755766834526153,-0.6882830057058587,,KNN Imputation (k=5) + Mutual Info Top-7 + StandardScaler (Z-Score) + First Difference
E365,knn,mutual_info,standard,diff,XGBoost,1.2175578268815195,21.948125425454744,-0.6846029203728927,1.0884204705022416,22.23147066515787,-0.4598660671485617,,KNN Imputation (k=5) + Mutual Info Top-7 + StandardScaler (Z-Score) + First Difference
E366,knn,mutual_info,standard,interaction,RF,1.0863902479082688,19.941907460340968,-0.2785308281654053,1.3967222596248587,28.12321282617746,-1.4754972331882423,,KNN Imputation (k=5) + Mutual Info Top-7 + StandardScaler (Z-Score) + Fitur Interaksi Ekonomi
E366,knn,mutual_info,standard,interaction,XGBoost,1.1596004469161614,21.41837440986081,-0.4566534288294226,1.0714592541128531,22.104634479182696,-0.45677894677729847,,KNN Imputation (k=5) + Mutual Info Top-7 + StandardScaler (Z-Score) + Fitur Interaksi Ekonomi
E367,knn,mutual_info,standard,calendar,RF,0.9834717144293209,18.543344895704728,-0.047763426494296546,1.1128148781631633,22.772411869776498,-0.5714051895620906,,"KNN Imputation (k=5) + Mutual Info Top-7 + StandardScaler (Z-Score) + Fitur Kalender (Bulan, Kuartal)"
E367,knn,mutual_info,standard,calendar,XGBoost,1.1853873048696455,21.941947143250403,-0.5221590386417023,1.076497018937724,22.19719491769104,-0.4705100572679488,,"KNN Imputation (k=5) + Mutual Info Top-7 + StandardScaler (Z-Score) + Fitur Kalender (Bulan, Kuartal)"
E368,knn,mutual_info,standard,policy_reaction,RF,0.7698028451431026,14.087466638774803,0.2881195802368338,0.9238842484175485,19.568817036032783,-0.005422846987847896,,KNN Imputation (k=5) + Mutual Info Top-7 + StandardScaler (Z-Score) + Fungsi Reaksi Kebijakan (Taylor/ITF) + Persistensi
E368,knn,mutual_info,standard,policy_reaction,XGBoost,1.076862271793978,19.415885161525626,-0.39305526898567567,0.7890434293701697,15.897499599466283,0.26664300356448056,,KNN Imputation (k=5) + Mutual Info Top-7 + StandardScaler (Z-Score) + Fungsi Reaksi Kebijakan (Taylor/ITF) + Persistensi
E369,knn,mutual_info,minmax,none,RF,0.9248533272948511,17.438096896760573,0.07341510953732489,1.11945056918693,22.775708077888513,-0.5902015744329328,,"KNN Imputation (k=5) + Mutual Info Top-7 + MinMaxScaler [0, 1] + Tanpa Feature Engineering"
E369,knn,mutual_info,minmax,none,XGBoost,1.1286295619113798,20.842425184132523,-0.37988320977145307,1.0680688287162783,21.965881493242453,-0.4475741433170355,,"KNN Imputation (k=5) + Mutual Info Top-7 + MinMaxScaler [0, 1] + Tanpa Feature Engineering"
E370,knn,mutual_info,minmax,lag,RF,1.0062416956487819,16.593649185591524,-0.21633342824944046,1.5558712988437697,31.149128862287302,-1.8514185013781188,,"KNN Imputation (k=5) + Mutual Info Top-7 + MinMaxScaler [0, 1] + Lag Features (t-1, t-3, t-6)"
E370,knn,mutual_info,minmax,lag,XGBoost,1.0673913957179493,17.90615736042008,-0.36865950969092975,1.072744713808966,22.070120882127362,-0.3555214382391134,,"KNN Imputation (k=5) + Mutual Info Top-7 + MinMaxScaler [0, 1] + Lag Features (t-1, t-3, t-6)"
E371,knn,mutual_info,minmax,rolling,RF,0.9149634492284565,16.549759134441324,0.048681710782177645,1.1665112640722954,24.111906685153976,-0.6768626258432358,,"KNN Imputation (k=5) + Mutual Info Top-7 + MinMaxScaler [0, 1] + Rolling Mean & Std (3, 6)"
E371,knn,mutual_info,minmax,rolling,XGBoost,1.1078112830176103,19.504650231507167,-0.3946008443062077,1.0478810216573493,21.378386842775388,-0.35314258289842093,,"KNN Imputation (k=5) + Mutual Info Top-7 + MinMaxScaler [0, 1] + Rolling Mean & Std (3, 6)"
E372,knn,mutual_info,minmax,lag_rolling,RF,0.881252037485601,15.292559554708227,0.11749205526705175,1.3176406911405478,26.19280161037946,-1.1395064888788693,,"KNN Imputation (k=5) + Mutual Info Top-7 + MinMaxScaler [0, 1] + Lag (1,3) + Rolling (6)"
E372,knn,mutual_info,minmax,lag_rolling,XGBoost,1.045512080014564,18.304408931069414,-0.24215692750625029,1.1517228942947382,23.721704786628294,-0.6346154955835501,,"KNN Imputation (k=5) + Mutual Info Top-7 + MinMaxScaler [0, 1] + Lag (1,3) + Rolling (6)"
E373,knn,mutual_info,minmax,diff,RF,0.9226573936180489,16.663201342363543,0.03261513574569219,1.1708042349441588,23.778708532181568,-0.6892276478132742,,"KNN Imputation (k=5) + Mutual Info Top-7 + MinMaxScaler [0, 1] + First Difference"
E373,knn,mutual_info,minmax,diff,XGBoost,1.2175578268815195,21.948125425454744,-0.6846029203728927,1.0884204705022416,22.23147066515787,-0.4598660671485617,,"KNN Imputation (k=5) + Mutual Info Top-7 + MinMaxScaler [0, 1] + First Difference"
E374,knn,mutual_info,minmax,interaction,RF,1.0863902479082688,19.941907460340968,-0.2785308281654053,1.3965328368663645,28.119423929666482,-1.4748258273818506,,"KNN Imputation (k=5) + Mutual Info Top-7 + MinMaxScaler [0, 1] + Fitur Interaksi Ekonomi"
E374,knn,mutual_info,minmax,interaction,XGBoost,1.1596004469161614,21.41837440986081,-0.4566534288294226,1.0714592541128531,22.104634479182696,-0.45677894677729847,,"KNN Imputation (k=5) + Mutual Info Top-7 + MinMaxScaler [0, 1] + Fitur Interaksi Ekonomi"
E375,knn,mutual_info,minmax,calendar,RF,0.9835570682906669,18.542941422044734,-0.047945301648781635,1.1123833584220293,22.767763071380802,-0.5701867283410711,,"KNN Imputation (k=5) + Mutual Info Top-7 + MinMaxScaler [0, 1] + Fitur Kalender (Bulan, Kuartal)"
E375,knn,mutual_info,minmax,calendar,XGBoost,1.1853873048696455,21.941947143250403,-0.5221590386417023,1.076497018937724,22.19719491769104,-0.4705100572679488,,"KNN Imputation (k=5) + Mutual Info Top-7 + MinMaxScaler [0, 1] + Fitur Kalender (Bulan, Kuartal)"
E376,knn,mutual_info,minmax,policy_reaction,RF,0.7725460838903746,14.149051518826457,0.2830368826951082,0.9239046169477741,19.57284608057081,-0.005467179838916092,,"KNN Imputation (k=5) + Mutual Info Top-7 + MinMaxScaler [0, 1] + Fungsi Reaksi Kebijakan (Taylor/ITF) + Persistensi"
E376,knn,mutual_info,minmax,policy_reaction,XGBoost,1.076862271793978,19.415885161525626,-0.39305526898567567,0.7890434293701697,15.897499599466283,0.26664300356448056,,"KNN Imputation (k=5) + Mutual Info Top-7 + MinMaxScaler [0, 1] + Fungsi Reaksi Kebijakan (Taylor/ITF) + Persistensi"
E377,knn,mutual_info,robust,none,RF,0.9248533272948509,17.438096896760566,0.07341510953732533,1.11938059981316,22.774865518642592,-0.5900027948991771,,KNN Imputation (k=5) + Mutual Info Top-7 + RobustScaler (IQR) + Tanpa Feature Engineering
E377,knn,mutual_info,robust,none,XGBoost,1.1286295619113798,20.842425184132523,-0.37988320977145307,1.0680688287162783,21.965881493242453,-0.4475741433170355,,KNN Imputation (k=5) + Mutual Info Top-7 + RobustScaler (IQR) + Tanpa Feature Engineering
E378,knn,mutual_info,robust,lag,RF,1.0070601473418943,16.601564581279312,-0.2183129030009039,1.555882071678281,31.15021581880904,-1.8514579878909245,,"KNN Imputation (k=5) + Mutual Info Top-7 + RobustScaler (IQR) + Lag Features (t-1, t-3, t-6)"
E378,knn,mutual_info,robust,lag,XGBoost,1.0673913957179493,17.90615736042008,-0.36865950969092975,1.072744713808966,22.070120882127362,-0.3555214382391134,,"KNN Imputation (k=5) + Mutual Info Top-7 + RobustScaler (IQR) + Lag Features (t-1, t-3, t-6)"
E379,knn,mutual_info,robust,rolling,RF,0.9152290303723911,16.554375266608474,0.04812936332468043,1.1665417895333146,24.107289487397676,-0.6769503878323933,,"KNN Imputation (k=5) + Mutual Info Top-7 + RobustScaler (IQR) + Rolling Mean & Std (3, 6)"
E379,knn,mutual_info,robust,rolling,XGBoost,1.1078112830176103,19.504650231507167,-0.3946008443062077,1.0478810216573493,21.378386842775388,-0.35314258289842093,,"KNN Imputation (k=5) + Mutual Info Top-7 + RobustScaler (IQR) + Rolling Mean & Std (3, 6)"
E380,knn,mutual_info,robust,lag_rolling,RF,0.881196632735695,15.289362005847412,0.11760301919759086,1.3178068511728125,26.2076829597446,-1.1400461244330309,,"KNN Imputation (k=5) + Mutual Info Top-7 + RobustScaler (IQR) + Lag (1,3) + Rolling (6)"
E380,knn,mutual_info,robust,lag_rolling,XGBoost,1.045512080014564,18.304408931069414,-0.24215692750625029,1.1517228942947382,23.721704786628294,-0.6346154955835501,,"KNN Imputation (k=5) + Mutual Info Top-7 + RobustScaler (IQR) + Lag (1,3) + Rolling (6)"
E381,knn,mutual_info,robust,diff,RF,0.922656011112846,16.662582913173686,0.032618034792760375,1.1694089831901728,23.685046046210825,-0.6852039290629695,,KNN Imputation (k=5) + Mutual Info Top-7 + RobustScaler (IQR) + First Difference
E381,knn,mutual_info,robust,diff,XGBoost,1.2175578268815195,21.948125425454744,-0.6846029203728927,1.0884204705022416,22.23147066515787,-0.4598660671485617,,KNN Imputation (k=5) + Mutual Info Top-7 + RobustScaler (IQR) + First Difference
E382,knn,mutual_info,robust,interaction,RF,1.0863902479082688,19.941907460340968,-0.2785308281654053,1.3965195685939962,28.119456482370104,-1.4747788016245083,,KNN Imputation (k=5) + Mutual Info Top-7 + RobustScaler (IQR) + Fitur Interaksi Ekonomi
E382,knn,mutual_info,robust,interaction,XGBoost,1.1596004469161614,21.41837440986081,-0.4566534288294226,1.0714592541128531,22.104634479182696,-0.45677894677729847,,KNN Imputation (k=5) + Mutual Info Top-7 + RobustScaler (IQR) + Fitur Interaksi Ekonomi
E383,knn,mutual_info,robust,calendar,RF,0.9835707688783565,18.54190689039281,-0.04797449683624766,1.1123346008692863,22.766646930797947,-0.5700490837353631,,"KNN Imputation (k=5) + Mutual Info Top-7 + RobustScaler (IQR) + Fitur Kalender (Bulan, Kuartal)"
E383,knn,mutual_info,robust,calendar,XGBoost,1.1853873048696455,21.941947143250403,-0.5221590386417023,1.076497018937724,22.19719491769104,-0.4705100572679488,,"KNN Imputation (k=5) + Mutual Info Top-7 + RobustScaler (IQR) + Fitur Kalender (Bulan, Kuartal)"
E384,knn,mutual_info,robust,policy_reaction,RF,0.7455493778277363,13.73117372315448,0.3322700622457384,0.9253093247351841,19.636167658703897,-0.00852693568614371,,KNN Imputation (k=5) + Mutual Info Top-7 + RobustScaler (IQR) + Fungsi Reaksi Kebijakan (Taylor/ITF) + Persistensi
E384,knn,mutual_info,robust,policy_reaction,XGBoost,1.076862271793978,19.415885161525626,-0.39305526898567567,0.7890434293701697,15.897499599466283,0.26664300356448056,,KNN Imputation (k=5) + Mutual Info Top-7 + RobustScaler (IQR) + Fungsi Reaksi Kebijakan (Taylor/ITF) + Persistensi
